"Date","Corn","LiveCattle","Soybean","SoybeanMeal","Wheat"
2005-01-14,197.25,93,542,162.800003051758,297.5
2005-01-21,197,92.5,516.75,155.800003051758,295.75
2005-01-28,195.75,91,514,154.100006103516,290
2005-02-04,195,90.9250030517578,499.5,148.800003051758,287.75
2005-02-11,198.25,90.0999984741211,525.75,157.100006103516,294.5
2005-02-18,200,88.9499969482422,552.5,169.199996948242,296
2005-02-25,211.5,87.8249969482422,597.5,178.199996948242,323.25
2005-03-04,209,87.5500030517578,622.75,183.800003051758,329
2005-03-11,217.5,88.25,656.75,196,351.5
2005-03-18,219.75,89.9000015258789,649,192.100006103516,356.5
2005-03-24,210.5,88.9000015258789,628.75,188.399993896484,338.5
2005-04-01,212.75,89.7249984741211,614,183.800003051758,322.5
2005-04-08,204,88.2750015258789,612,185.5,310
2005-04-15,206.25,89.4499969482422,616.25,187.399993896484,305.25
2005-04-22,209.25,92.0250015258789,633,196.100006103516,309.25
2005-04-29,204.75,93.9250030517578,619.25,194.5,318
2005-05-06,200.5,90,635,195.399993896484,309.5
2005-05-13,195.25,90,603.75,192,296.5
2005-05-20,213.25,90,632,196.300003051758,313
2005-05-27,221.25,90,667.75,208.699996948242,335
2005-06-03,218.25,84.9749984741211,675.25,215.199996948242,323.25
2005-06-10,210,83.8000030517578,666.25,211.399993896484,313.5
2005-06-17,229,81.1999969482422,724,229,327.5
2005-06-24,232.75,82.1750030517578,744.5,231.199996948242,339.5
2005-07-01,216.5,79.3249969482422,673.5,209.5,324.25
2005-07-08,226.25,79.3499984741211,675.5,211.300003051758,328.5
2005-07-15,257.75,78.5250015258789,721,226.699996948242,348.5
2005-07-22,233.5,79.25,669.25,212.600006103516,330.5
2005-07-29,236.5,81.1999969482422,671.75,212.399993896484,327.75
2005-08-05,220.5,80.5749969482422,658.5,210.899993896484,320
2005-08-12,217.75,79.0749969482422,643,203,321.25
2005-08-19,210.25,80.4749984741211,597.25,186.800003051758,325.25
2005-08-26,203.75,82.375,591,183.699996948242,312.25
2005-09-02,203.5,81.1999969482422,588.5,184.100006103516,305
2005-09-09,203,84.8249969482422,580.5,180.399993896484,313
2005-09-16,206.25,86.0749969482422,571.25,173.5,324.25
2005-09-23,207.25,86.7750015258789,574,171.300003051758,333.5
2005-09-30,205.5,89.125,573.25,167.199996948242,346.25
2005-10-07,202.5,90.25,564.25,165.300003051758,338
2005-10-14,203.5,89.2750015258789,589.5,175.300003051758,339
2005-10-21,201.5,88.5749969482422,572.25,169.399993896484,330
2005-10-28,197,89,565,168.800003051758,317.75
2005-11-04,195.5,91.4749984741211,580.5,176.199996948242,311.25
2005-11-11,195.5,90.4250030517578,593,181.699996948242,311.5
2005-11-18,191.25,91.0250015258789,569.75,172.199996948242,302
2005-11-25,189.75,92.625,554.25,170.100006103516,297
2005-12-02,189.75,93.0250015258789,562.75,173.800003051758,303.5
2005-12-09,189.75,91.9250030517578,568.75,181.600006103516,293
2005-12-16,207.5,95.5250015258789,592.25,191.399993896484,319.75
2005-12-23,214,94.8000030517578,613,203.399993896484,334.5
2005-12-30,215.75,92.4499969482422,602,197.300003051758,339.25
2006-01-06,214.25,NA,600.5,186.899993896484,330.75
2006-01-13,213.5,NA,565,176.5,334.75
2006-01-20,205,NA,568,179.399993896484,326.5
2006-01-27,218.75,NA,589.25,186.399993896484,343.5
2006-02-03,225.25,92.2750015258789,594.75,184,356.5
2006-02-10,221.25,92.9000015258789,582.25,180.5,355.25
2006-02-17,226.5,89.9499969482422,601.25,185.300003051758,368
2006-02-24,227.75,90.0749969482422,577.25,175.5,368.25
2006-03-03,228.75,86.0250015258789,593.25,175.100006103516,373.5
2006-03-10,226,83.4499969482422,578.25,172.399993896484,374.5
2006-03-17,221.5,83.0250015258789,576.5,173.800003051758,357.5
2006-03-24,218.75,82.4749984741211,573.75,175.300003051758,342.5
2006-03-31,236,79.5,571.5,174.600006103516,347.75
2006-04-07,243,81.2249984741211,557.75,171.100006103516,351.25
2006-04-13,236.25,81.875,563,173.399993896484,357.5
2006-04-21,236.5,81.4000015258789,569.75,171.899993896484,352.75
2006-04-28,238.25,79.1999969482422,587.25,172.899993896484,346.25
2006-05-05,230.75,73.8499984741211,594.5,177.300003051758,361.25
2006-05-12,248.25,77.4000015258789,600,174.800003051758,394
2006-05-19,252.75,77.2249984741211,587,173.399993896484,416.25
2006-05-26,254,79.4000015258789,582.5,173.300003051758,415.5
2006-06-02,259.5,80.3249969482422,609,185.399993896484,403.75
2006-06-09,242,78.5250015258789,585.75,176.600006103516,372.5
2006-06-16,235.5,81.6500015258789,600.25,180.899993896484,359
2006-06-23,228.25,82.875,580.5,176.5,363.25
2006-06-30,235.5,84.5500030517578,594.75,174.600006103516,371.5
2006-07-07,241,85.3249969482422,602,172.899993896484,381.5
2006-07-14,253.5,84,602,171.300003051758,366
2006-07-21,237.25,84.2750015258789,577,166.5,407.25
2006-07-28,237.25,83.3499984741211,576.5,163.800003051758,388.5
2006-08-04,245,84.8249969482422,577.5,163.199996948242,396
2006-08-11,224.75,88.8000030517578,551,159.300003051758,373.75
2006-08-18,219.75,87.1750030517578,547,159.300003051758,364.5
2006-08-25,225,88.6500015258789,543,159.5,378.5
2006-09-01,230,93.3499984741211,538.5,157.600006103516,401.25
2006-09-08,231.75,92.3000030517578,537,157.800003051758,400
2006-09-15,241.75,90.125,549.75,161.399993896484,392.5
2006-09-22,255.25,90.0999984741211,549.25,165.199996948242,419
2006-09-29,262.5,90.6500015258789,547.5,161.899993896484,443
2006-10-06,271,90.875,564,166,464
2006-10-13,314.5,88.4499969482422,591.5,174.5,525.5
2006-10-20,312.75,87.6750030517578,606.5,180.399993896484,505
2006-10-27,332.5,89.8249969482422,635.5,187.699996948242,508.5
2006-11-03,342.25,85.9000015258789,649,195.5,492.5
2006-11-10,343.25,85.6999969482422,651.25,195.5,480.5
2006-11-17,355.25,87.5749969482422,660.5,190.399993896484,474
2006-11-24,369.25,87.6500015258789,684.25,194.800003051758,500
2006-12-01,374,85.5,677,188.399993896484,500
2006-12-08,354.25,86.9499969482422,656,185.399993896484,469
2006-12-15,369,86.4000015258789,657.5,186.699996948242,494.25
2006-12-22,384,87.0250015258789,659.5,186.899993896484,514
2006-12-29,390.25,90.4250030517578,683.5,191.899993896484,501
2007-01-05,368.25,92.5749969482422,668,191,470.25
2007-01-12,396.5,91.8000030517578,706,205,479.5
2007-01-19,406.75,91.0500030517578,717.75,209.300003051758,467
2007-01-26,405.5,90.2249984741211,710.5,205.800003051758,463.5
2007-02-02,402,91.0500030517578,736.75,212.699996948242,461.25
2007-02-09,406.25,93.1999969482422,749.25,217.899993896484,460.25
2007-02-16,417,93.9000015258789,767,227.300003051758,468
2007-02-23,430.25,94.1750030517578,778.25,228.899993896484,484.25
2007-03-02,411,97.6500015258789,739,215.600006103516,459.5
2007-03-09,408.25,101.449996948242,746.5,216.5,465.5
2007-03-16,399.5,97.0999984741211,753.5,218,460.75
2007-03-23,403.25,98.0999984741211,769.5,219.300003051758,461.5
2007-03-30,374.5,97.5999984741211,761.25,211.800003051758,438
2007-04-05,366,100.449996948242,760.5,213,445
2007-04-13,369,97.0500030517578,738,199.300003051758,478.5
2007-04-20,360.5,95.625,723.25,196.399993896484,502
2007-04-27,364.25,97.1999969482422,723,192,500.5
2007-05-04,381.25,92.1750030517578,733.5,196.5,482
2007-05-11,361,93.4000015258789,750,196.899993896484,483
2007-05-18,371.25,92.6500015258789,792.5,212,471.25
2007-05-25,376,91.0500030517578,812.5,218.199996948242,501
2007-06-01,386.75,90.8000030517578,817.5,221.399993896484,520.75
2007-06-08,382,89.7249984741211,821.5,226.199996948242,527.5
2007-06-15,419,90.5500030517578,847.25,235.399993896484,606.5
2007-06-22,367.5,87.8000030517578,797,217.399993896484,592.25
2007-06-29,329.5,85.5,850,229.199996948242,582
2007-07-06,334.5,92.5,864.75,233.899993896484,600.5
2007-07-13,341.5,91.625,913,253.300003051758,614
2007-07-20,318.25,90.8249969482422,850.25,225.199996948242,616.25
2007-07-27,321,93.625,815.5,213.600006103516,653.25
2007-08-03,326.5,93.5999984741211,839,222.199996948242,650
2007-08-10,333,90.2249984741211,850,232.5,667
2007-08-17,328.5,91.9499969482422,811.5,218.800003051758,672
2007-08-24,341.5,94.375,849,233.699996948242,725.75
2007-08-31,324,94.0999984741211,868,239.800003051758,767
2007-09-07,331.25,96.0999984741211,891,247.399993896484,840
2007-09-14,336.5,95.25,941,259.5,838
2007-09-21,376.5,96.6999969482422,979,272.700012207031,874
2007-09-28,373,96.9499969482422,991.25,276.299987792969,939
2007-10-05,342.25,93.6750030517578,940.5,259.399993896484,890
2007-10-12,351,94.4499969482422,976.75,272.5,857.5
2007-10-19,370.25,95.3000030517578,983.25,276.299987792969,855.5
2007-10-26,372,94.375,995.5,277.799987792969,800
2007-11-02,377,94.7249984741211,1001.75,274,778.5
2007-11-09,386.75,95.5,1043,281.799987792969,762
2007-11-16,379.5,95.3000030517578,1077.75,292.299987792969,749.5
2007-11-23,389,96.7750015258789,1100.25,292,826.5
2007-11-30,384.5,93.8499984741211,1080,288.299987792969,867
2007-12-07,399.5,94.0250015258789,1119.75,310.5,903.5
2007-12-14,420,92.5999984741211,1157,324.5,939
2007-12-21,443.5,92.0999984741211,1177.5,328.200012207031,949
2007-12-28,452,93.5,1207.75,326,885
2007-12-31,455.5,96.25,1199,331.5,885
2008-01-04,466.75,94.5500030517578,1249,342,931.5
2008-01-11,495,91.3499984741211,1286,351,909.25
2008-01-18,498.25,91,1263,339.299987792969,962.5
2008-01-25,498.25,91.4000015258789,1243,335,933
2008-02-01,500.5,90.2249984741211,1287.25,343.200012207031,943
2008-02-08,508,92.1999969482422,1339,361.5,1093
2008-02-15,514.75,91.4000015258789,1373.75,358.799987792969,1027.5
2008-02-22,522.25,92,1420,361.200012207031,1049.5
2008-02-28,NA,93.5500030517578,NA,NA,NA
2008-02-29,546,NA,1522,375.700012207031,1073
2008-03-07,533.5,90.5250015258789,1341,339,1092.5
2008-03-14,545.5,90.5,1340,336.5,1160
2008-03-20,507.5,90.6750030517578,1207,310.299987792969,987.5
2008-03-28,560.5,87.6500015258789,1267.25,342.299987792969,989
2008-04-04,598,87.9000015258789,1277,333.5,974.25
2008-04-11,584.25,88.6999969482422,1332.5,344.5,896.5
2008-04-18,599.5,89.5500030517578,1361.5,346.700012207031,870
2008-04-25,577.25,92.2750015258789,1325.75,340.899993896484,800.5
2008-05-02,602,92.125,1292.5,331.799987792969,796
2008-05-09,618.5,94.5250015258789,1349.5,333.100006103516,791.5
2008-05-16,591,93.875,1378,350,775.5
2008-05-23,599.75,96.1750030517578,1368,336.600006103516,752.5
2008-05-30,599.25,96.5250015258789,1363.5,341.5,761.5
2008-06-06,650.75,93.8499984741211,1457.5,373,811
2008-06-13,731.75,95.5749969482422,1560,409.200012207031,882
2008-06-20,721.25,95.4499969482422,1532.5,411.700012207031,866.5
2008-06-27,754.75,100.974998474121,1581.5,427.899993896484,895.5
2008-07-03,746,103.800003051758,1658,450.5,872.75
2008-07-11,680,101.199996948242,1630.5,453.899993896484,819
2008-07-18,609.5,97.5,1470,396.299987792969,804
2008-07-25,577.25,97.8249969482422,1398.75,374.700012207031,811
2008-08-01,565,100.025001525879,1357.75,373.899993896484,794
2008-08-08,498.5,101.474998474121,1199,326.299987792969,765.25
2008-08-15,529.75,101.675003051758,1211.5,332.799987792969,824.25
2008-08-22,586.5,101.849998474121,1321,360.299987792969,865.5
2008-08-29,568.25,101.775001525879,1332,367.399993896484,779.25
2008-09-05,531.5,102.949996948242,1180,341,729.75
2008-09-12,547.5,102.150001525879,1490,359,703.75
2008-09-19,542.25,101.550003051758,1143.5,312.5,718
2008-09-26,543,100.949996948242,1164,315,716
2008-10-03,454,95.5999984741211,992,264.899993896484,640.25
2008-10-10,408.25,89.125,910,251.199996948242,563.5
2008-10-17,403,91.0500030517578,894,258.200012207031,566.25
2008-10-24,372.75,87.8499984741211,863.75,268.299987792969,516.25
2008-10-31,401.5,93.75,925.25,273,536.25
2008-11-07,375.5,92.8000030517578,911.75,271.700012207031,521
2008-11-14,380.25,90.0500030517578,878,265.5,554.25
2008-11-21,338.5,84.9000015258789,840,249.899993896484,499
2008-11-28,349.5,87.375,883,256,542.5
2008-12-05,293.5,81.5500030517578,783.5,240.5,457.75
2008-12-12,359.5,83.3249969482422,854,258.5,506.75
2008-12-19,380.75,86.0999984741211,868.25,267.5,563.25
2008-12-26,412.25,85.9000015258789,951.75,297.700012207031,599.25
2008-12-31,407,84.4749984741211,972.25,300.5,610.75
2009-01-02,412.25,87.0999984741211,970,301,611
2009-01-09,410.75,83.0999984741211,1037.5,315.799987792969,629.5
2009-01-16,391,84.5250015258789,1020,316,578.25
2009-01-23,390.5,82.6750030517578,1009,318.299987792969,582.75
2009-01-30,379,82,980,311,568
2009-02-06,377.25,83.6500015258789,1001,317.299987792969,557
2009-02-13,363.25,84.0500030517578,955.5,297.700012207031,535.5
2009-02-20,350.25,80.6750030517578,862.5,270,519.25
2009-02-27,350.75,82.5250015258789,874.5,275.799987792969,510.5
2009-03-06,352.75,82.4499969482422,879,274.200012207031,516.25
2009-03-13,375,84.6500015258789,882.5,286,506.5
2009-03-20,396.5,85.1999969482422,952,300.5,550.25
2009-03-27,387,84.3249969482422,917,283.799987792969,507.25
2009-04-03,404.5,86.0500030517578,995.5,306,563.5
2009-04-09,390.25,87.5250015258789,1007,311.200012207031,522
2009-04-17,376.25,88.3249969482422,1051,326.600006103516,523
2009-04-24,377,86.8499984741211,1040.25,325.399993896484,532.25
2009-05-01,406.25,82.0999984741211,1102,353.700012207031,557.25
2009-05-08,414,82.9749984741211,1134,359.5,580.5
2009-05-15,417.25,82.375,1130.5,358.200012207031,577.5
2009-05-22,430.25,82.5250015258789,1166,375,612.5
2009-05-29,436.25,81.3249969482422,1184,382.5,637.25
2009-06-05,444,80.1500015258789,1225.5,396,623
2009-06-12,425.5,80.4749984741211,1245.5,422.700012207031,584.75
2009-06-19,399.25,80.9250030517578,1179,390,555.25
2009-06-26,384.25,82.4749984741211,1201,405,534.25
2009-07-02,345.75,84.875,1243,411.200012207031,500.25
2009-07-10,345.5,83.4749984741211,1128.25,372.299987792969,491.75
2009-07-17,322.25,86.375,1009.5,317.5,541.75
2009-07-24,316.25,84.5250015258789,1021,323.200012207031,516.25
2009-07-31,339.5,84.6999969482422,1134,361,528.25
2009-08-07,322,83.8499984741211,1184.5,374.5,489.5
2009-08-14,319.25,84.6500015258789,1100,380,481.75
2009-08-21,321.75,85,1023,333,460.25
2009-08-28,321,84.6500015258789,1135.75,387,467
2009-09-04,300.5,86.6500015258789,961,332.200012207031,444
2009-09-11,314.5,87.2249984741211,984.5,338,441.75
2009-09-18,318,85.5500030517578,941,290,457.25
2009-09-25,334,86.0500030517578,926,289.200012207031,449.75
2009-10-02,333.5,82.9499969482422,885,272,441.25
2009-10-09,362.25,82.625,964,310.299987792969,468
2009-10-16,372,84.0999984741211,977.5,294.700012207031,498.75
2009-10-23,397.75,86.3499984741211,1006,303.299987792969,547.75
2009-10-30,366,81.6500015258789,978,297,494.25
2009-11-06,367,85,948,288.799987792969,497.25
2009-11-13,390.5,83.3249969482422,984,301.100006103516,539
2009-11-20,391,83.9499969482422,1046,317.100006103516,559.75
2009-11-27,397.25,83.1999969482422,1053,326.5,548.75
2009-12-04,373.75,81,1043,320.899993896484,536.75
2009-12-11,389.25,80.1500015258789,1035,314.5,519.25
2009-12-18,397.75,82.0500030517578,1012,305.399993896484,528
2009-12-24,408.5,83.0749969482422,999.5,301.399993896484,524.5
2009-12-31,414.5,86,1039.75,313.899993896484,541.5
2010-01-08,423,85.8249969482422,1013,306.799987792969,568.5
2010-01-15,371.5,87.3499984741211,974,291.700012207031,510
2010-01-22,364.75,86.625,951.5,286.399993896484,498.5
2010-01-29,356.5,85.8000030517578,914,273.799987792969,474
2010-02-05,351.5,87.4250030517578,913.5,271,473.25
2010-02-12,361.5,89.375,945,280,486.5
2010-02-19,360,92.7750015258789,945,276.399993896484,489.75
2010-02-26,378,90.3000030517578,951,273.200012207031,506.5
2010-03-05,364.75,92.9499969482422,934.75,257.899993896484,482.25
2010-03-12,354,95.0999984741211,926,251.199996948242,472.25
2010-03-19,374.5,97.9749984741211,961.75,270.200012207031,483.75
2010-03-26,356.25,94.0250015258789,952,270.899993896484,464.75
2010-04-01,344.5,96.6500015258789,942,265.899993896484,454.75
2010-04-09,345.75,99.6500015258789,952.25,265.299987792969,465.75
2010-04-16,364,98.75,985.25,280.899993896484,490.5
2010-04-23,353,99.2249984741211,1000,292.299987792969,493.25
2010-04-30,366.25,99.9250030517578,989.5,291.299987792969,491.75
2010-05-07,364.75,95.9000015258789,951.25,276.399993896484,500.25
2010-05-14,356.75,93.25,948,282.200012207031,463.5
2010-05-21,369,91.375,941,275.600006103516,472
2010-05-28,359,90.5250015258789,937.75,273.5,457.75
2010-06-04,340,90.9499969482422,935,277.200012207031,435.75
2010-06-11,349.5,89.5,946.25,289.700012207031,440.75
2010-06-18,360.75,89.3000030517578,961,289.399993896484,461.75
2010-06-25,340.5,90.9499969482422,957,289.600006103516,456.25
2010-07-02,364,89.4749984741211,962.75,294.899993896484,487.75
2010-07-09,375.25,90.1999969482422,1025.5,314.100006103516,523.5
2010-07-16,394.75,92.2750015258789,1019.5,307.799987792969,587.25
2010-07-23,371.25,93.4250030517578,1017,299.899993896484,596.25
2010-07-30,392.75,92.6500015258789,1052.5,310.899993896484,661.5
2010-08-06,405,92.7750015258789,1059,313.600006103516,725.75
2010-08-13,411.75,94.3249969482422,1052,321.5,702.5
2010-08-20,421.25,99.5999984741211,1009.25,300.799987792969,679
2010-08-27,421,98.0500030517578,1022,307.799987792969,662.5
2010-09-03,449.75,98.4499969482422,1029.75,308.200012207031,708.25
2010-09-10,464,97.1500015258789,1023.5,297.200012207031,704.75
2010-09-17,513.25,99.4000015258789,1069,304.700012207031,739.25
2010-09-24,521.75,96.0250015258789,1126,313.200012207031,720
2010-10-01,465.75,95.9499969482422,1057,285.700012207031,655
2010-10-08,528.25,95.5500030517578,1135,317,719.25
2010-10-15,563,98.1500015258789,1185,328.200012207031,704.5
2010-10-22,560,102.199996948242,1199.5,330.899993896484,670.75
2010-10-29,582,98.8499984741211,1226,337.700012207031,717.25
2010-11-05,587.75,97.5500030517578,1273.5,348,728.75
2010-11-12,534,98.4000015258789,1263,339.700012207031,669.25
2010-11-19,520.75,101.449996948242,1201.5,325.799987792969,644.5
2010-11-26,538.25,102.224998474121,1238.5,336.799987792969,648.25
2010-12-03,559,103.175003051758,1300.25,350.100006103516,738
2010-12-10,560.25,100.949996948242,1273,339.100006103516,735.5
2010-12-17,596.5,102.175003051758,1298.75,347.799987792969,756.75
2010-12-23,614,104,1349.5,360,783
2010-12-31,629,107.900001525879,1393.75,370.299987792969,794.25
2011-01-07,595,106.375,1357.75,359.100006103516,774
2011-01-14,648.75,109.375,1406.5,377,773.25
2011-01-21,657.25,107.949996948242,1412.25,379.600006103516,824.5
2011-01-28,644,107.5,1398,377,825.75
2011-02-04,678.5,108.25,1433.5,383.200012207031,853.75
2011-02-11,706.5,107.775001525879,1416,378.100006103516,867
2011-02-18,709.75,111.050003051758,1368,362,822.25
2011-02-25,712,112.025001525879,1365.5,359.700012207031,776.5
2011-03-04,721.25,114.050003051758,1407.75,363.799987792969,800.5
2011-03-11,659.25,117.125,1326.5,346.100006103516,695
2011-03-18,683.5,111.650001525879,1362.5,367.899993896484,723
2011-03-25,689.5,118.599998474121,1358.25,357.200012207031,733.25
2011-04-01,736,122.074996948242,1393.75,360.899993896484,759.5
2011-04-08,768,118.824996948242,1392.25,357.200012207031,797.5
2011-04-15,742,117.400001525879,1331.75,345.200012207031,744.25
2011-04-21,737.25,118.400001525879,1380.5,358.799987792969,799.5
2011-04-29,754,117.050003051758,1392.75,358.100006103516,769.25
2011-05-06,682.75,109.849998474121,1325,344.899993896484,724.5
2011-05-13,679,109,1337,343.100006103516,696
2011-05-20,759.5,104.974998474121,1380.25,360.600006103516,806.5
2011-05-27,758.5,104.099998474121,1379.75,355.600006103516,819.75
2011-06-03,754,104.175003051758,1414.5,368.399993896484,773.75
2011-06-10,787,102.724998474121,1387.25,373.299987792969,759.25
2011-06-17,700.25,109.75,1333,349,672.25
2011-06-24,670,113.050003051758,1320.25,339.899993896484,635.75
2011-07-01,640.75,112.849998474121,1322.25,340.899993896484,584.5
2011-07-08,672.25,114.650001525879,1352,346.299987792969,650.5
2011-07-15,701.25,110.599998474121,1385.75,360.299987792969,694.75
2011-07-22,690,110.550003051758,1380.25,363,692.25
2011-07-29,665.5,112.625,1354.25,351.600006103516,672.5
2011-08-05,693,114.125,1331.5,345.200012207031,679
2011-08-12,701.75,117.900001525879,1337,348.600006103516,702.5
2011-08-19,711,114.300003051758,1359.75,354.100006103516,730.75
2011-08-26,752.5,114.300003051758,1414.75,376,762.25
2011-09-02,750.25,114.800003051758,1436,377.799987792969,730
2011-09-09,726,118.449996948242,1416.5,368.700012207031,701
2011-09-16,692,118.5,1355.5,348.700012207031,688.25
2011-09-23,638.5,116.824996948242,1258,326,640.75
2011-09-30,592.5,122.150001525879,1179,304.700012207031,609.25
2011-10-07,600,121.974998474121,1158.25,300.100006103516,607.5
2011-10-14,640,121.650001525879,1270,328.399993896484,622.75
2011-10-21,649.25,121.925003051758,1212.25,316.5,632
2011-10-28,655,120.949996948242,1217,317.5,644.5
2011-11-04,655.75,124.5,1212.5,315.399993896484,636.75
2011-11-11,638.5,120.550003051758,1166,299.5,616.75
2011-11-18,610.25,119.699996948242,1168.25,298.399993896484,598.25
2011-11-25,582.5,121.099998474121,1106.5,282.700012207031,574.5
2011-12-02,586.5,121.900001525879,1135.75,286.399993896484,612.25
2011-12-09,585.5,118.300003051758,1107,275.5,573.5
2011-12-16,583,118.150001525879,1130,290.299987792969,583.75
2011-12-23,619.5,124.300003051758,1163,297,622
2011-12-30,646.5,122.900001525879,1198.5,309.399993896484,652.75
2012-01-06,643.5,120.324996948242,1189.5,309.600006103516,624.75
2012-01-13,599.5,122.474998474121,1160,304.799987792969,602.25
2012-01-20,611.5,124.550003051758,1187,311.899993896484,610.5
2012-01-27,641.75,124.699996948242,1219,322.200012207031,647.25
2012-02-03,644.5,123.625,1232.5,328.600006103516,660.75
2012-02-10,631.75,123.949996948242,1229,320,630
2012-02-17,641.75,128.600006103516,1267.5,332.5,644
2012-02-24,640.75,127.550003051758,1279,333.600006103516,641
2012-03-02,659,129.949996948242,1328.25,357.299987792969,670.75
2012-03-09,654,126.025001525879,1331.75,358.600006103516,638.75
2012-03-16,673,125.300003051758,1374,374.399993896484,672
2012-03-23,646.5,124.5,1365.75,373,654.25
2012-03-30,644,120.449996948242,1403,388.700012207031,660.75
2012-04-05,658.25,118.324996948242,1434,391.899993896484,638.5
2012-04-13,629.25,120.525001525879,1436.75,395.799987792969,623.5
2012-04-20,612.5,120.550003051758,1446.75,406,615.75
2012-04-27,653,118.449996948242,1496.75,427.399993896484,642.25
2012-05-04,662.25,115.375,1475,432.100006103516,603.75
2012-05-11,608,115.150001525879,1404,411,592.75
2012-05-18,635.5,119.525001525879,1405,417.899993896484,695.25
2012-05-25,578.5,117.650001525879,1382,409.299987792969,680
2012-06-01,551.5,117.699996948242,1344.25,394.5,612.25
2012-06-08,598,119.875,1426.25,429.799987792969,630.25
2012-06-15,579.5,116.150001525879,1376,410.100006103516,609.5
2012-06-22,591,116.900001525879,1442.5,422,673.25
2012-06-29,672.5,116.550003051758,1512.75,436,739
2012-07-06,743.25,119.199996948242,1619.75,471.600006103516,791.25
2012-07-13,755.75,117.199996948242,1642,488.899993896484,842
2012-07-20,824.5,117.949996948242,1757.5,543,943.25
2012-07-27,798.5,119.599998474121,1684.25,527.700012207031,898
2012-08-03,810,119.974998474121,1656.25,531.5,891.25
2012-08-10,800,120.599998474121,1709.5,544.5,885.25
2012-08-17,798.5,121.074996948242,1671,522.700012207031,874.5
2012-08-24,802.25,119.875,1737.5,533.400024414062,867.5
2012-08-31,802.75,118.074996948242,1764.5,547.099975585938,870
2012-09-07,795,126.474998474121,1731.75,531.599975585938,884.75
2012-09-14,777.5,127.050003051758,1736.5,524.599975585938,897.5
2012-09-21,748.25,125.525001525879,1621.75,484.5,897.25
2012-09-28,756.25,122.074996948242,1601,487,902.5
2012-10-05,748,123.050003051758,1551.5,474.700012207031,857.5
2012-10-12,752.75,123.900001525879,1522.5,474.299987792969,856.75
2012-10-19,761.5,126.300003051758,1534.25,463.799987792969,872.5
2012-10-26,737.75,125.5,1561.25,483.399993896484,863.75
2012-11-02,739.5,125.425003051758,1527,475.899993896484,864.5
2012-11-09,738.75,125.75,1452,449.700012207031,886.5
2012-11-16,727,126.150001525879,1383.25,424.600006103516,838
2012-11-23,745.5,128.949996948242,1418.75,428.600006103516,847.75
2012-11-30,748,126.724998474121,1438.75,442.399993896484,844.75
2012-12-07,732.75,125.875,1472.25,450.5,844.25
2012-12-14,718.75,126.900001525879,1496,460.100006103516,801
2012-12-21,702,129.274993896484,1430.75,433.799987792969,792
2012-12-28,694,129.399993896484,1424,427.700012207031,778.75
2012-12-31,698.25,129.899993896484,1418.75,420.600006103516,778
2013-01-04,680.25,132.949996948242,1389,398.200012207031,747.25
2013-01-11,708.75,130.600006103516,1424.75,403.100006103516,754.75
2013-01-18,727.5,124.949996948242,1429.25,414.399993896484,791.25
2013-01-25,720.75,126.300003051758,1441,416.399993896484,776.5
2013-02-01,736,127.099998474121,1474.25,428.200012207031,765
2013-02-08,709,126.449996948242,1452.5,422.399993896484,756.25
2013-02-15,698.75,126.5,1424.5,409.399993896484,742.25
2013-02-22,690.25,126.349998474121,1461.25,426.899993896484,715
2013-03-01,724.25,129.949996948242,1464.5,427.299987792969,713.25
2013-03-08,725.25,127.550003051758,1508.5,436.100006103516,690
2013-03-15,717,125.775001525879,1426,418.799987792969,723
2013-03-22,726.25,126.199996948242,1440.5,419.299987792969,729.75
2013-03-28,695.25,128.899993896484,1404.75,404.600006103516,687.75
2013-04-05,629,126.025001525879,1361.75,391.799987792969,699
2013-04-12,658.5,125.849998474121,1413,400.200012207031,714.75
2013-04-19,652,126.349998474121,1428.25,412.399993896484,709
2013-04-26,644,127.849998474121,1430.75,417.899993896484,688.75
2013-05-03,699.5,121.824996948242,1455,417.799987792969,711.25
2013-05-10,687.75,120.449996948242,1488.25,444.299987792969,696.75
2013-05-17,652.75,119.400001525879,1448.5,425.100006103516,683.25
2013-05-24,657.25,120.574996948242,1476.25,428.200012207031,697.5
2013-05-31,662,121.300003051758,1510,447.200012207031,705.5
2013-06-07,666.25,120.125,1528.25,452.5,696.25
2013-06-14,655,119,1516.5,450.700012207031,680.75
2013-06-21,661.75,121.25,1493.25,447.700012207031,698
2013-06-28,679.25,118.150001525879,1564.5,490.299987792969,648.5
2013-07-05,684.75,121.949996948242,1588,489.100006103516,656
2013-07-12,701.5,121.849998474121,1563.25,535.5,675.5
2013-07-19,544,121.974998474121,1490.75,482.399993896484,664.5
2013-07-26,492,121.800003051758,1349.75,430.299987792969,650.25
2013-08-02,476,120.650001525879,1331,412.100006103516,660.5
2013-08-09,465.75,122.5,1340.75,420.5,633.5
2013-08-16,473.75,123.900001525879,1283.25,408.799987792969,631
2013-08-23,495.5,123.099998474121,1365.25,433.200012207031,634.5
2013-08-30,495,122.699996948242,1424,468.200012207031,643.25
2013-09-06,491.5,125.675003051758,1437,482.100006103516,635
2013-09-13,450,125.25,1488.75,496.200012207031,627.75
2013-09-20,451,125.949996948242,1315.25,413.399993896484,646.25
2013-09-27,454,128.25,1319.75,419.899993896484,683
2013-10-04,443.25,128.050003051758,1295,431.299987792969,687
2013-10-11,433.25,128.800003051758,1266.75,422,692.25
2013-10-18,441.5,129.875,1291.25,410.100006103516,705.75
2013-10-25,440,132.574996948242,1300,423.5,690.75
2013-11-01,427.25,132.074996948242,1266,394.899993896484,667.75
2013-11-08,426.75,132.399993896484,1306,422.299987792969,649.75
2013-11-15,422,133.399993896484,1280.5,410.5,644.5
2013-11-22,422.25,131.475006103516,1319.5,427.799987792969,649.5
2013-11-29,415.25,133.475006103516,1336.5,456.600006103516,655
2013-12-06,424,131.425003051758,1325.5,447.299987792969,637.25
2013-12-13,420.5,131.875,1327.5,462.899993896484,618.25
2013-12-20,433.25,132.524993896484,1339,446.600006103516,613.5
2013-12-27,427.5,133.850006103516,1331.5,445.700012207031,609
2013-12-31,422,134.5,1312.5,437.700012207031,605.25
2014-01-03,423.5,136.300003051758,1289.25,424.5,605.75
2014-01-10,432.75,136.699996948242,1303.75,435.200012207031,569
2014-01-17,424,140.350006103516,1316.5,434.5,563.5
2014-01-24,429.5,143.399993896484,1284.75,425.700012207031,565.25
2014-01-31,434,141.675003051758,1282.75,426.100006103516,555.75
2014-02-07,444.25,141.199996948242,1331.5,446.399993896484,577.5
2014-02-14,445.25,142.600006103516,1337.5,450,598.5
2014-02-21,453,144.550003051758,1370.75,455.799987792969,609.75
2014-02-28,457.5,151.949996948242,1414.25,467.899993896484,599
2014-03-07,481,143.25,1457.5,465,646.25
2014-03-14,472.25,145.25,1376,449,690.25
2014-03-21,479,144,1408.75,455.899993896484,693.25
2014-03-28,492,146.5,1436.5,468.399993896484,695.5
2014-04-04,501.75,143.050003051758,1473.75,479.100006103516,669.75
2014-04-11,498.5,144.850006103516,1463,472.899993896484,660.25
2014-04-17,494.75,144.199996948242,1514,488.299987792969,691.25
2014-04-25,507,145,1498,490.600006103516,700.25
2014-05-02,494,138.050003051758,1480.75,491.200012207031,707.75
2014-05-09,505,138.050003051758,1501,497.5,714
2014-05-16,483.5,137.899993896484,1465,480.200012207031,674.25
2014-05-23,478,136.300003051758,1515.5,502.600006103516,652.5
2014-05-30,465.75,137.800003051758,1493.25,500.200012207031,627.25
2014-06-06,459,140.125,1457,487.600006103516,618.25
2014-06-13,447,147.600006103516,1425.75,467.899993896484,586
2014-06-20,453.25,147.550003051758,1415.75,459.200012207031,585.25
2014-06-27,443,152.25,1432,469.799987792969,585.25
2014-07-03,417,155,1387.75,447,568
2014-07-11,399.75,149.125,1295.75,421.799987792969,514.75
2014-07-18,371.25,151.625,1176.75,380.299987792969,532.25
2014-07-25,363,159.100006103516,1212.25,398,538
2014-08-01,352.5,157.300003051758,1215,387.5,534.25
2014-08-08,351.75,152.550003051758,1284.75,397.5,549.25
2014-08-15,365.75,150.600006103516,1102.5,388.299987792969,551.25
2014-08-22,365.5,151.850006103516,1166,433.299987792969,552
2014-08-29,359,155.899993896484,1089.5,439.5,550.25
2014-09-05,346.5,159.75,1085.5,436.100006103516,531.5
2014-09-12,339,156.274993896484,1091,408,498.25
2014-09-19,331.5,155.625,957,324.100006103516,474.5
2014-09-26,323,158.449996948242,910.25,307.200012207031,474.25
2014-10-03,323.25,162.399993896484,912.25,308,485.75
2014-10-10,334,164.899993896484,922.5,339.299987792969,498.5
2014-10-17,348,165.050003051758,951.75,330.5,516
2014-10-24,353,168.25,977.5,350.200012207031,517.75
2014-10-31,376.75,169.5,1046.5,389,532.5
2014-11-07,367.5,166.800003051758,1040.25,390.399993896484,514.5
2014-11-14,381.75,170.199996948242,1021,379.899993896484,560.5
2014-11-21,372.75,170.899993896484,1039,378.399993896484,547.25
2014-11-28,375.75,168.875,1016,391.100006103516,577.25
2014-12-05,381.5,164.449996948242,1036,394.200012207031,609
2014-12-12,396.25,162.050003051758,1047.25,378.899993896484,627.5
2014-12-19,410.5,160.75,1030.5,363.5,632.25
2014-12-26,414.75,164.75,1047.5,379.700012207031,610.75
2014-12-31,397,165.699996948242,1019.25,364.600006103516,589.75
2015-01-02,395.75,165.675003051758,1002.5,356.5,581.25
2015-01-09,400.25,160.600006103516,1051.5,363.799987792969,563.75
2015-01-16,387,154.449996948242,991.75,326.200012207031,532.75
2015-01-23,386.75,150.350006103516,972.75,331.5,530
2015-01-30,370,154.850006103516,961,329.899993896484,502.75
2015-02-06,385.75,156.074996948242,973.5,329.399993896484,527
2015-02-13,387.25,160,990.5,332.299987792969,533
2015-02-20,385.25,156.699996948242,999.25,347.5,510.25
2015-02-27,384.5,158,1030.75,353.700012207031,517.5
2015-03-06,379.25,154.649993896484,979.25,337,485.75
2015-03-13,374,154.274993896484,968.25,338,508.75
2015-03-20,385,158.350006103516,973.75,324,530
2015-03-27,391,162.625,967.25,321.399993896484,507.75
2015-04-02,386.5,163.024993896484,986,327.299987792969,536.25
2015-04-10,377,158.800003051758,951.5,309.200012207031,526.5
2015-04-17,379.75,157.800003051758,968.75,315,494.5
2015-04-24,364.5,161.175003051758,969.75,314.600006103516,486
2015-05-01,359.75,149.175003051758,968.5,314.700012207031,470
2015-05-08,358.5,151.5,984.5,315.200012207031,476.5
2015-05-15,365.5,152.524993896484,953.25,303.299987792969,511
2015-05-22,360,152.125,924.25,304.200012207031,515.25
2015-05-29,351.5,152.324996948242,934,305.700012207031,477
2015-06-05,360.5,152.824996948242,937.75,304.899993896484,517
2015-06-12,353,152.449996948242,940,317.399993896484,503.75
2015-06-19,353.25,151.899993896484,971.5,323.100006103516,488.5
2015-06-26,385,148.399993896484,1002,341.299987792969,562.25
2015-07-02,419.75,151.225006103516,1045.25,357.399993896484,585.75
2015-07-10,427.25,147.475006103516,1043.5,366,581.5
2015-07-17,420.25,146.649993896484,1014.75,361.100006103516,554
2015-07-24,392.5,143.024993896484,991.25,354.799987792969,511.75
2015-07-31,371,145.699996948242,980.75,354.600006103516,499.25
2015-08-07,372.75,149.574996948242,1009,352.600006103516,510.5
2015-08-14,364,148.449996948242,978.5,330.899993896484,506.5
2015-08-21,365.25,145.425003051758,905.25,326.899993896484,499.5
2015-08-28,363.25,146.524993896484,893.25,321.399993896484,477
2015-09-04,349.5,140.475006103516,877.25,313.899993896484,457.75
2015-09-11,374.5,140.600006103516,887.75,314.100006103516,475.5
2015-09-18,377.25,136,867.25,309,486.75
2015-09-25,389,133.699996948242,889.25,308.700012207031,507.75
2015-10-02,389.25,123.074996948242,874.25,298.5,513.25
2015-10-09,382.75,130.774993896484,885.75,306.899993896484,509.25
2015-10-16,376.75,135.949996948242,898.25,312,492.25
2015-10-23,379.75,141.024993896484,895.5,305.100006103516,490.5
2015-10-30,382.25,139.25,883.75,304.399993896484,522
2015-11-06,373,134.925003051758,871.25,295.700012207031,523.25
2015-11-13,358.25,130.675003051758,859,288.799987792969,495.75
2015-11-20,363.25,129.699996948242,857.5,283,488.5
2015-11-27,359.25,131.824996948242,873,282.399993896484,465.75
2015-12-04,376.25,124.275001525879,906,285.100006103516,471.25
2015-12-11,373,121.449996948242,870.75,272.200012207031,482.75
2015-12-18,374.5,120.150001525879,892.25,281,486.75
2015-12-24,364.5,131.100006103516,875.25,269,467.5
2015-12-31,358.75,135.800003051758,871.25,264.299987792969,470
2016-01-08,357,132.875,879.5,267.899993896484,478.5
2016-01-15,363.25,127.550003051758,879,270.700012207031,473.75
2016-01-22,370.25,132.074996948242,876.5,268.5,475.5
2016-01-29,372,135.300003051758,882.25,272.399993896484,479.25
2016-02-05,365.75,136.050003051758,867.5,265,466.75
2016-02-12,358.75,129.949996948242,872.75,262,457.5
2016-02-19,365.5,135.375,878.25,264.5,461.75
2016-02-26,354.5,137.550003051758,855,257.200012207031,443.25
2016-03-04,354.5,136.350006103516,870.5,267.700012207031,454.75
2016-03-11,366,139.800003051758,888,272,469.75
2016-03-18,367,139.824996948242,897.5,266.600006103516,463
2016-03-24,370,135.850006103516,910.5,275.299987792969,463
2016-04-01,354,132.975006103516,918.25,272.299987792969,475.75
2016-04-08,362.25,134.375,916.75,273.700012207031,460.25
2016-04-15,378.5,131.475006103516,956,295.899993896484,459.75
2016-04-22,371.75,124.724998474121,987,311.700012207031,467
2016-04-29,390.25,123.099998474121,1021,332.100006103516,478
2016-05-06,376,120.724998474121,1026.25,341.200012207031,453.25
2016-05-13,382,123.425003051758,1055,361,465
2016-05-20,394.5,121.050003051758,1074.25,392.700012207031,467.75
2016-05-27,412.75,119.699996948242,1086.5,402.600006103516,481.5
2016-06-03,418.25,122,1132,414.299987792969,497.25
2016-06-10,423,122.449996948242,1178.25,414,495
2016-06-17,437.75,116.724998474121,1159.5,407.399993896484,481.25
2016-06-24,384.5,114.699996948242,1103,375.600006103516,454.75
2016-07-01,353,112.974998474121,1168.75,404.799987792969,416.25
2016-07-08,349.75,112.224998474121,1089.75,378.700012207031,420.75
2016-07-15,352.25,110.925003051758,1072.5,369.399993896484,424.75
2016-07-22,335,109.949996948242,1006.5,346.700012207031,425.25
2016-07-29,334.5,113.074996948242,1032.5,350,407.75
2016-08-05,324.25,117.675003051758,1003.75,335.799987792969,416
2016-08-12,322.25,116.324996948242,1003.25,332.899993896484,422.5
2016-08-19,334.25,113.550003051758,1027,330,427
2016-08-26,316.25,110.349998474121,990.75,321.200012207031,383.5
2016-09-02,316.5,101.599998474121,968.5,313.700012207031,373.25
2016-09-09,330,104.400001525879,997.25,323.299987792969,376
2016-09-16,337,107.875,966,313.700012207031,403.25
2016-09-23,336.5,107.275001525879,955,303.299987792969,404.75
2016-09-30,336.75,98.9000015258789,954,297.899993896484,402
2016-10-07,339.75,101.875,956.75,298.600006103516,394.75
2016-10-14,354.25,95.9000015258789,962.5,299.799987792969,421
2016-10-21,352.5,101.150001525879,983,306.5,414.5
2016-10-28,355,104.199996948242,1001.25,317.5,408.5
2016-11-04,348.75,102.724998474121,981.5,309,414.25
2016-11-10,343.5,104.5,989,311.399993896484,404.75
2016-11-18,345.5,108.324996948242,993.75,310.399993896484,408
2016-11-25,349.25,110.75,1046,320.799987792969,395.75
2016-12-02,337.5,108.224998474121,1027.5,310.700012207031,387.5
2016-12-09,352.5,108.724998474121,1037.5,317.399993896484,400.25
2016-12-16,356.25,112.324996948242,1036.75,317.100006103516,409.25
2016-12-23,345.75,114.574996948242,989,308,393.5
2016-12-30,352,119,996.5,312.899993896484,408
2017-01-06,358,114.824996948242,986,307.5,423.25
2017-01-13,358.5,118.525001525879,1042.5,332.5,426
2017-01-20,369.75,120.25,1067.5,348.700012207031,428.25
2017-01-27,362.5,118.324996948242,1049.25,343,420.5
2017-02-03,365.25,116.900001525879,1027,331.600006103516,430.25
2017-02-10,374.5,116.400001525879,1059,342.100006103516,449
2017-02-17,368.25,117.925003051758,1032.5,339.600006103516,441
2017-02-24,364,123.75,1013.5,331.299987792969,431.25
2017-03-03,374.75,115.974998474121,1027,328.799987792969,433.75
2017-03-10,358,117.599998474121,996.25,324.600006103516,422.75
2017-03-17,367.5,119.324996948242,1000,328.899993896484,436.25
2017-03-24,356.25,122.099998474121,975.75,318.200012207031,424.75
2017-03-31,364.25,119.949996948242,946,308.399993896484,426.5
2017-04-07,359.5,120.050003051758,942,307.399993896484,424
2017-04-13,371,125.375,955.5,317.5,429.75
2017-04-21,357,129.800003051758,951,309.600006103516,405
2017-04-28,358,138,945.25,311.700012207031,418.5
2017-05-05,361.75,128.300003051758,963,312.299987792969,427.5
2017-05-12,361.75,125.175003051758,954,309.700012207031,425
2017-05-19,372.5,123.449996948242,953,307,435.25
2017-05-26,374.25,122.699996948242,926.5,301.799987792969,438.25
2017-06-02,372.75,130.824996948242,921.25,301.899993896484,429.5
2017-06-09,387.75,131.25,941.5,305.899993896484,445.75
2017-06-16,384,121.699996948242,939,300.899993896484,465.25
2017-06-23,357.75,119.199996948242,904.5,293.600006103516,459.75
2017-06-30,370.5,119.099998474121,942.25,304.399993896484,511
2017-07-07,382.25,114.775001525879,996,328.5,515.25
2017-07-14,365.25,117.800003051758,985.25,322.299987792969,494.75
2017-07-21,379.75,116.425003051758,1009,329.700012207031,499.25
2017-07-28,374.25,112.900001525879,1000.75,321,481
2017-08-04,366.5,115.449996948242,949.25,303.5,454.75
2017-08-11,360.75,109.724998474121,935.5,298.100006103516,439.25
2017-08-18,352,106.375,937.5,297.200012207031,416
2017-08-25,338.75,105.949996948242,939,296.399993896484,409.5
2017-09-01,340,105.150001525879,942,293.200012207031,420.5
2017-09-08,344.25,107.324996948242,956.5,300.899993896484,413.75
2017-09-15,354.75,107.75,968.75,308,449
2017-09-22,353.5,111.574996948242,984.25,315,449.5
2017-09-29,355.25,109.099998474121,968.25,311.5,448.25
2017-10-06,350,111.025001525879,972.25,315,443.5
2017-10-13,352.75,112.824996948242,1000.25,324.5,439.5
2017-10-20,344.5,111.675003051758,978.75,317.100006103516,426
2017-10-27,348.75,115.375,975.25,312.100006103516,427.25
2017-11-03,348.25,127.300003051758,977,313.899993896484,425.75
2017-11-10,343.5,120.574996948242,977.25,314.5,431.5
2017-11-17,343,118.849998474121,990.5,318.200012207031,427.25
2017-11-24,342.25,118.574996948242,993.25,323.799987792969,415.75
2017-12-01,344.75,117.224998474121,994.25,328.200012207031,414.5
2017-12-08,340,115.574996948242,989.75,330,392
2017-12-15,347.5,118.900001525879,967.25,320.600006103516,418.25
2017-12-22,352,119.824996948242,949.5,312.799987792969,424.75
2017-12-29,350.75,123,951.75,312.600006103516,427
2018-01-05,351.25,119.25,961.5,317.899993896484,430.75
2018-01-12,346.25,117.375,944,309.799987792969,420.5
2018-01-19,352.5,121.900001525879,977.25,331.600006103516,422.75
2018-01-26,356.5,124.599998474121,985.5,335.700012207031,441
2018-02-02,361.5,126.849998474121,978.75,331.399993896484,446.75
2018-02-09,362,126.525001525879,983,343.799987792969,449
2018-02-16,367.5,130.100006103516,1021.5,373.299987792969,457.75
2018-02-23,366.25,128,1036.25,375.5,452.25
2018-03-02,377.25,122.175003051758,1060.75,390.200012207031,492
2018-03-09,383,123.125,1029.25,371.700012207031,489
2018-03-16,382.75,121.25,1049.5,372.899993896484,467.75
2018-03-23,377.25,116.050003051758,1028.25,377.899993896484,460.25
2018-03-29,387.75,113.75,1044.75,384,451
2018-04-06,388.5,112.224998474121,1033.75,386.299987792969,472.25
2018-04-13,386.25,116.550003051758,1054.25,382.799987792969,472.5
2018-04-20,376.5,119.349998474121,1028.75,374.100006103516,463.25
2018-04-27,389.5,124.449996948242,1045,393.200012207031,495.5
2018-05-04,398.75,106.050003051758,1027.25,394.399993896484,527.5
2018-05-11,389.75,107.625,994.75,382.700012207031,489.5
2018-05-18,402.5,102.400001525879,998.5,376.299987792969,518.25
2018-05-25,406,104.650001525879,1041.5,380.299987792969,543
2018-06-01,391.5,104.900001525879,1021.25,374.200012207031,523.25
2018-06-08,377.75,110.025001525879,969.25,357.799987792969,520
2018-06-15,361.25,108.449996948242,905.5,338.899993896484,499.5
2018-06-22,357.25,108.275001525879,894.5,339.100006103516,491.25
2018-06-29,350.25,107,858.5,332.799987792969,497.5
2018-07-06,351.75,106.375,874,339.799987792969,512.75
2018-07-13,330.25,104.550003051758,814,328.799987792969,481.5
2018-07-20,355.25,108.925003051758,849.75,326.899993896484,516
2018-07-27,362,108.625,870.5,332.700012207031,530.5
2018-08-03,369.75,110.675003051758,886.25,332.5,556.25
2018-08-10,357.75,108.25,846,323.5,546.75
2018-08-17,364.25,109.425003051758,881.5,330.100006103516,560.5
2018-08-24,348.5,106.25,842,312.700012207031,514.75
2018-08-31,351,106.800003051758,833,303.700012207031,518.5
2018-09-07,354.25,109.949996948242,832,314.200012207031,486.25
2018-09-14,337,113.800003051758,821.5,307.299987792969,480
2018-09-21,357.25,113.074996948242,847.25,305.899993896484,521.75
2018-09-28,356.25,113.449996948242,845.5,305.399993896484,509
2018-10-05,368.25,113.800003051758,869,315.600006103516,521
2018-10-12,373.75,112.324996948242,867.5,312.399993896484,517.25
2018-10-19,367,112.25,856.75,313.100006103516,514.75
2018-10-26,367.75,113.875,845,307.299987792969,505.25
2018-11-02,371.25,117.074996948242,875.25,311,508.75
2018-11-09,369.75,114.574996948242,875.25,305.600006103516,502
2018-11-16,364.75,115.349998474121,892.25,310.899993896484,506.75
2018-11-23,359,117.099998474121,881,305.799987792969,499.75
2018-11-30,366.5,116.925003051758,894.75,308.299987792969,515.75
2018-12-07,374,117.900001525879,916.75,309.100006103516,519.5
2018-12-14,376.75,119.574996948242,900.5,309.399993896484,527.75
2018-12-21,378.5,120.875,884.75,305.600006103516,514
2018-12-28,375.5,124.074996948242,882.75,308.899993896484,511.5
2018-12-31,375,124.800003051758,882.5,306.200012207031,503.25
2019-01-04,383,121.925003051758,909.5,315.100006103516,517
2019-01-11,378.25,124.974998474121,899.25,310.399993896484,519.5
2019-01-18,381.75,126.525001525879,916.75,315.100006103516,517.75
2019-01-25,380.25,126.050003051758,925.25,313.899993896484,520
2019-02-01,378.25,125.449996948242,917.75,311.799987792969,524.25
2019-02-08,374.25,127.375,914.5,306.100006103516,517.25
2019-02-15,374.75,126.625,907.5,306.5,504.25
2019-02-22,375.25,128.675003051758,910.25,305.600006103516,486.75
2019-03-01,364,129.550003051758,899.25,303.299987792969,454
2019-03-08,354.75,129.675003051758,883.75,299.100006103516,432.75
2019-03-15,373.25,129.100006103516,909.25,310.799987792969,462.25
2019-03-22,378.25,129.725006103516,903.75,315,466
2019-03-29,356.5,125.699996948242,884.25,306.5,457.75
2019-04-05,362.5,126.050003051758,899,308,467.75
2019-04-12,361,126.550003051758,895.25,307.899993896484,464.5
2019-04-18,358.5,128.524993896484,880.5,303.200012207031,444.25
2019-04-26,351.25,124.550003051758,853.75,299.899993896484,435
2019-05-03,363,113.425003051758,829.5,293.600006103516,428
2019-05-10,342.5,112.449996948242,797,284.100006103516,419
2019-05-17,383.25,111.275001525879,821.75,294.299987792969,465
2019-05-24,404.25,111.175003051758,829.75,300.5,489.5
2019-05-31,427,108.474998474121,877.75,321.299987792969,503
2019-06-07,415.75,106.925003051758,856.25,312.299987792969,504.5
2019-06-14,453,108.775001525879,896.75,323.5,538.5
2019-06-21,442.25,106.550003051758,902.75,315.600006103516,526
2019-06-28,420.25,110.5,899.75,313.100006103516,528
2019-07-05,434,107,872.25,303.799987792969,519.25
2019-07-12,449.5,108.474998474121,906.75,313.299987792969,536.25
2019-07-19,430.75,107.599998474121,901.5,311.200012207031,502.5
2019-07-26,414.5,108.650001525879,883.25,303.100006103516,496
2019-08-02,399.5,107.650001525879,850.25,292.399993896484,490.75
2019-08-09,410.25,108.050003051758,873.75,296.700012207031,499.5
2019-08-16,371,99.9250030517578,867.25,294.899993896484,470.75
2019-08-23,359.75,104.625,843.25,289.899993896484,475.25
2019-08-30,358,105,857,289.299987792969,451.25
2019-09-06,342.5,94.875,845,287.200012207031,460.25
2019-09-13,355.5,98.0749969482422,884.75,298.200012207031,485.75
2019-09-20,370.75,99.3499984741211,882.75,291.100006103516,484.25
2019-09-27,371.5,105.025001525879,883,289.899993896484,487.25
2019-10-04,384.75,107.349998474121,916.25,298.799987792969,490.5
2019-10-11,397.75,109.449996948242,936,306.899993896484,508
2019-10-18,391,110.474998474121,934,308.5,532.25
2019-10-25,386.75,111.974998474121,920.25,303.299987792969,517.75
2019-11-01,389.25,119.525001525879,924.25,303.899993896484,516
2019-11-08,377.25,119.25,919.5,304.899993896484,510.25
2019-11-15,371.25,119.099998474121,918.25,307.100006103516,502.75
2019-11-22,368.75,118.675003051758,897,299,515.25
2019-11-29,371.25,121.199996948242,876.75,290.899993896484,547.5
2019-12-06,366.5,120.199996948242,889.5,297.399993896484,532.5
2019-12-13,366.25,122.375,907.5,295.5,539.25
2019-12-20,387.75,122.224998474121,928.25,297.899993896484,542.25
2019-12-27,390,123.5,929.5,295.399993896484,556.25
2019-12-31,387.75,124.699996948242,943,299.899993896484,558.75
2020-01-03,386.5,124.724998474121,930.5,296.100006103516,554.5
2020-01-10,385.75,127.425003051758,935,298.700012207031,564.5
2020-01-17,389.25,126.349998474121,929.75,300.600006103516,570.5
2020-01-24,387.25,124.849998474121,902,298.299987792969,573.5
2020-01-31,381.25,121.375,872.5,291,553.75
2020-02-07,383.5,121.324996948242,882,289.299987792969,558.75
2020-02-14,377.75,120.824996948242,893.75,291.100006103516,542.75
2020-02-21,377,119.724998474121,890.5,289.200012207031,551
2020-02-28,366.5,112.699996948242,883.5,298.600006103516,529
2020-03-06,377.25,105.75,883.25,301.299987792969,521.25
2020-03-13,370.75,95.5749969482422,846.75,295.899993896484,514.75
2020-03-20,343.75,98.6500015258789,862.5,325.200012207031,539.25
2020-03-27,346,100.949996948242,881.5,323.100006103516,571.25
2020-04-03,330.75,88.3249969482422,854.25,303.200012207031,549.25
2020-04-09,331.75,94,863.5,292.5,556.5
2020-04-17,322.25,94.6500015258789,832.5,288.200012207031,533.5
2020-04-24,315.75,84.9749984741211,832.25,287.700012207031,526.75
2020-05-01,311.5,87.25,847.25,287.399993896484,521.5
2020-05-08,319,94.6500015258789,848.75,286.700012207031,529.5
2020-05-15,319.25,97,838.5,287.5,500.25
2020-05-22,318,97.6999969482422,833.25,284.100006103516,508.75
2020-05-29,325.75,99.7249984741211,840.75,283.200012207031,520.75
2020-06-05,331.25,93.9000015258789,867.75,289.100006103516,515.25
2020-06-12,330,96.0749969482422,871.25,289,502
2020-06-19,332.5,94.6999969482422,876.5,287,481.25
2020-06-26,317,94.6999969482422,865,282.100006103516,474
2020-07-02,342.5,99.4000015258789,892.5,293.5,490
2020-07-10,340.5,100,891.5,290.799987792969,535.75
2020-07-17,333,103.275001525879,898,286.5,534.75
2020-07-24,326.25,101.324996948242,904.75,290.799987792969,539.5
2020-07-31,316,102.824996948242,897.5,289.299987792969,531.25
2020-08-07,307.75,102.800003051758,870.25,280,495.5
2020-08-14,324.5,107.599998474121,903.5,289.700012207031,500
2020-08-21,327,105.800003051758,900.75,290.200012207031,527.25
2020-08-28,346,103.224998474121,950.5,301.600006103516,539.25
2020-09-04,347.25,104.449996948242,969.5,309.799987792969,539.75
2020-09-11,365,105.525001525879,1005.5,318.399993896484,533.75
2020-09-18,378.5,107.349998474121,1043.5,337.399993896484,575
2020-09-25,365.25,107.574996948242,1002.5,336.899993896484,544.25
2020-10-02,379.75,108.175003051758,1020.75,349.399993896484,573.25
2020-10-09,395,109.875,1065.5,363.100006103516,593.75
2020-10-16,402,107.150001525879,1050,367.5,625.25
2020-10-23,419.25,103.349998474121,1083.75,386.399993896484,632.75
2020-10-30,398.5,105.974998474121,1056.5,378.600006103516,598.5
2020-11-06,406.75,108.650001525879,1098.5,382.399993896484,602
2020-11-13,410.5,109.925003051758,1141.5,388.100006103516,593.5
2020-11-20,423.25,108.099998474121,1181,394.700012207031,593.25
2020-11-27,425.5,110.625,1191.75,398.5,596.5
2020-12-04,417,108.875,1163,388.799987792969,566.5
2020-12-11,424.25,108.75,1160.5,384.100006103516,608.25
2020-12-18,437.5,110.474998474121,1220,405.5,608.25
2020-12-24,451,112.150001525879,1263.5,416.799987792969,627
2020-12-31,484,112.949996948242,1315.25,434.399993896484,640.5
2021-01-08,496.25,114.474998474121,1375.75,444.799987792969,638.75
2021-01-15,531.5,112.775001525879,1416.75,463.200012207031,675.5
2021-01-22,500.5,116.724998474121,1311.75,421.600006103516,634.5
2021-01-29,547,115.050003051758,1370,431,663
2021-02-05,548.5,116.724998474121,1366.75,430.5,641.25
2021-02-12,538.75,117.199996948242,1372,427.200012207031,636.75
2021-02-19,542.75,115.925003051758,1377.25,424.299987792969,650.75
2021-02-26,555.5,113.099998474121,1405.25,423.200012207031,655
2021-03-05,562,119.025001525879,1434.25,420,654
2021-03-12,549.25,119,1415.75,396.299987792969,631.75
2021-03-19,557.75,118.400001525879,1416.25,407.899993896484,627
2021-03-26,552.5,120.099998474121,1400.5,404,613.25
2021-04-01,559.75,120.025001525879,1402,410.200012207031,611
2021-04-09,577.25,123.425003051758,1403,401.200012207031,638.75
2021-04-16,585.5,120.849998474121,1433.25,402.200012207031,652.5
2021-04-23,655.5,117.849998474121,1539.75,422.399993896484,710.25
2021-04-30,740,116,1571,426,742.5
2021-05-07,772.75,116.025001525879,1621,442.5,773.5
2021-05-14,685,115.300003051758,1603.75,423.5,727.25
2021-05-21,659.5,117.675003051758,1526.25,398.899993896484,674.25
2021-05-28,656.75,115.875,1530.5,395.5,663.5
2021-06-04,682.75,116.824996948242,1583.75,396.200012207031,687.75
2021-06-11,684.5,118.699996948242,1508.5,383.299987792969,680.75
2021-06-18,655.25,121.050003051758,1396,373.399993896484,662.75
2021-06-25,636.5,122.824996948242,1329.75,347.200012207031,637
2021-07-02,697.25,122,1451.75,379.899993896484,645.75
2021-07-09,629.75,119.224998474121,1404,352.5,608.5
2021-07-16,556,120.175003051758,1454.75,363.200012207031,692.5
2021-07-23,547.25,121.5,1401,353.600006103516,684
2021-07-30,547,122.074996948242,1414.75,352.600006103516,703.75
2021-08-06,555,123,1422.25,358.799987792969,719
2021-08-13,568.25,122.75,1424.25,358.100006103516,762.25
2021-08-20,538.75,124.275001525879,1293.75,353.299987792969,714.25
2021-08-27,558,122,1359.25,354.200012207031,718.5
2021-09-03,508,124.800003051758,1283,340.899993896484,714.5
2021-09-10,502.75,123.425003051758,1275.25,342,675
2021-09-17,527.25,122.800003051758,1284,338.5,708.75
2021-09-24,526.75,122.925003051758,1285,336.100006103516,723.75
2021-10-01,541.5,120.400001525879,1246.5,325,755.25
2021-10-08,530.5,125.574996948242,1243,317.5,734
2021-10-15,525.75,125.974998474121,1217.75,316.600006103516,734
2021-10-22,538,124.099998474121,1220.5,327.399993896484,756
2021-10-29,568.25,127.375,1235.75,332.600006103516,772.75
2021-11-05,553,131.800003051758,1192.25,332.700012207031,766.5
2021-11-12,577.25,132.125,1234,362.100006103516,817
2021-11-19,570.75,133.524993896484,1263.25,371.799987792969,823
2021-11-26,586.75,138.100006103516,1252.75,356.200012207031,825.5
2021-12-03,586,137.675003051758,1267.25,367.700012207031,794.5
2021-12-10,588.5,136.850006103516,1267.75,377.899993896484,782
2021-12-17,593.25,134.75,1285.25,379.5,775
2021-12-23,605.75,137.050003051758,1332,406.100006103516,814.75
2021-12-31,593.25,138.899993896484,1328.75,411.700012207031,770.75
2022-01-07,606.75,137.324996948242,1401.5,433.5,758.5
2022-01-14,596.25,137.975006103516,1356.75,445,741.5
2022-01-21,616.25,137.925003051758,1414.25,392.700012207031,780
2022-01-28,636,138.699996948242,1470,411.200012207031,786.25
2022-02-04,620.5,142.050003051758,1553.5,443.899993896484,763.25
2022-02-11,651,141.875,1583,456.600006103516,797.75
2022-02-18,654.25,143.25,1601.5,447.899993896484,797
2022-02-25,659.5,139.274993896484,1590.25,448.299987792969,843
2022-03-04,756.5,135.774993896484,1676.25,468.899993896484,1348
2022-03-11,764.5,137.300003051758,1690.75,493.100006103516,1090
2022-03-18,741.75,140.5,1668,477,1063.75
2022-03-25,754,140.475006103516,1710.25,487.899993896484,1102.25
2022-04-01,735,138.649993896484,1582.75,450,984.5
2022-04-08,768.75,137.824996948242,1689,468.200012207031,1051.5
2022-04-14,790.25,140.675003051758,1682.25,461.399993896484,1096.5
2022-04-22,793,142.449996948242,1716,458.799987792969,1065.5
2022-04-29,818.25,141.899993896484,1708.25,440.5,1043.75
2022-05-06,792.25,132.75,1655.5,423.399993896484,1097
2022-05-13,794.5,132.074996948242,1723.25,406.399993896484,1167.25
2022-05-20,778.75,131.574996948242,1705.25,429.899993896484,1168.75
2022-05-27,777.25,132.175003051758,1732.25,432.299987792969,1157.5
2022-06-03,727,133.600006103516,1697.75,407.899993896484,1040
2022-06-10,773.25,136.199996948242,1745.5,429.100006103516,1070.75
2022-06-17,784.5,138.024993896484,1702,438.100006103516,1034.25
2022-06-24,750.25,135.350006103516,1610.75,432.600006103516,923.75
2022-07-01,754.5,134.600006103516,1626,459.700012207031,831.25
2022-07-08,778.25,133.949996948242,1630.25,478.399993896484,879.25
2022-07-15,604.25,134.925003051758,1466,431,776.75
2022-07-22,564.25,137.375,1434.5,431.5,759
2022-07-29,616.25,136.449996948242,1637,495.299987792969,807.75
2022-08-05,610.25,137.875,1614.75,499.100006103516,775.75
2022-08-12,639.75,140.225006103516,1669.25,520.200012207031,806
2022-08-19,626,141.600006103516,1488.75,448.700012207031,753.25
2022-08-26,668.75,140.800003051758,1605.25,478.100006103516,784.75
2022-09-02,669,144.550003051758,1510.5,444.100006103516,793
2022-09-09,698.5,145.675003051758,1489.25,440.899993896484,853.25
2022-09-16,677.25,145.5,1448.5,429.600006103516,859.75
2022-09-23,676.75,144.25,1425.75,439.899993896484,880.5
2022-09-30,677.5,143.274993896484,1364.75,403.200012207031,921.5
2022-10-07,683.25,145.324996948242,1367,404.899993896484,880.25
2022-10-14,689.75,146.949996948242,1383.75,418.5,859.75
2022-10-21,684.25,150.475006103516,1395.5,417.899993896484,850.75
2022-10-28,680.75,150.375,1387.75,425.399993896484,829.25
2022-11-04,681,151.649993896484,1451.5,420.399993896484,847.75
2022-11-11,658,151.524993896484,1455.5,407.399993896484,813.75
2022-11-18,667.75,153.074996948242,1428.25,410.399993896484,803.25
2022-11-25,668,153.074996948242,1436.25,408.799987792969,775.5
2022-12-02,635,153.350006103516,1438.5,424.5,737.25
2022-12-09,634.75,153.675003051758,1483.75,471.700012207031,712.75
2022-12-16,653,155.050003051758,1480,463,753.5
2022-12-23,666.25,156.899993896484,1479,455.299987792969,776
2022-12-30,678.5,154.824996948242,1519.25,478.5,792
2023-01-06,654,156.774993896484,1501.5,503.100006103516,743.5
2023-01-13,675,157.725006103516,1538.25,513,743.75
2023-01-20,676.25,156.625,1506.5,463.700012207031,741.5
2023-01-27,683,156.725006103516,1509.5,473.5,750
2023-02-03,677.5,160.274993896484,1532,496.5,756.75
2023-02-10,680.5,161.199996948242,1542.5,499.399993896484,786
2023-02-17,677.75,163.574996948242,1527.25,491.100006103516,765.5
2023-02-24,650,165.199996948242,1529,497.100006103516,708.25
2023-03-03,645.25,165.425003051758,1530.5,498.100006103516,695.75
2023-03-10,624.25,164.274993896484,1513,498.799987792969,666.75
2023-03-17,634.25,162.324996948242,1476.5,466,710.5
2023-03-24,643,163,1428.25,445.100006103516,688.5
2023-03-31,660.5,168.350006103516,1505.5,466,692.25
2023-04-06,643.5,171.074996948242,1492.5,454.299987792969,675.5
2023-04-14,666.25,174.75,1500.5,459.700012207031,682.5
2023-04-21,663.25,173.975006103516,1483.5,445.700012207031,661.75
2023-04-28,636,175.175003051758,1444.25,435.299987792969,619.75
2023-05-05,653.25,161.925003051758,1469,428.899993896484,647
2023-05-12,633.25,164.399993896484,1435,428.100006103516,624.5
2023-05-19,554.5,165.725006103516,1307.25,409.100006103516,605
2023-05-26,604,167.350006103516,1337.25,402.200012207031,616
2023-06-02,609,176.425003051758,1352.5,397.799987792969,619
2023-06-09,604.25,178.225006103516,1386.5,397.200012207031,630.25
2023-06-16,640.25,178.350006103516,1466.5,416.399993896484,688
2023-06-23,630.75,177.5,1494.5,410.700012207031,733.25
2023-06-30,554.5,181.5,1557.25,419.200012207031,636.25
2023-07-07,560.5,177,1485.5,409.600006103516,639.5
2023-07-14,599.75,180.175003051758,1495.75,430,641.5
2023-07-21,527,180.024993896484,1501,442.799987792969,697.5
2023-07-28,521,178.149993896484,1486.75,455.200012207031,704.25
2023-08-04,484.25,180.899993896484,1444,444.100006103516,633
2023-08-11,474.5,180.375,1401.25,436.899993896484,626.75
2023-08-18,479.5,178.524993896484,1362.75,403.899993896484,613.25
2023-08-25,470.75,180.675003051758,1381,422.799987792969,593.25
2023-09-01,464.75,180.149993896484,1356.25,412.700012207031,567.5
2023-09-08,468.5,183.225006103516,1349.5,411.899993896484,567.25
2023-09-15,476.25,186.925003051758,1340.25,393.600006103516,604.25
2023-09-22,477.25,187.074996948242,1296.25,388.200012207031,579.5
2023-09-29,476.75,184.199996948242,1275,375.899993896484,541.5
2023-10-06,492,183.074996948242,1266,367.600006103516,568.25
2023-10-13,493.25,185.125,1280.25,387.600006103516,579.75
2023-10-20,495.5,184.274993896484,1302.25,423.899993896484,586
2023-10-27,480.75,184,1297.25,442.399993896484,575.5
2023-11-03,477.25,183.875,1327.5,442.100006103516,572.5
2023-11-10,464,174.175003051758,1333.5,449.399993896484,575.25
2023-11-17,467,175.75,1340.25,453.299987792969,550.75
2023-11-24,463.25,170.25,1330.75,457.399993896484,548.75
2023-12-01,464.5,169.274993896484,1325,425.299987792969,577
2023-12-08,465.75,165.449996948242,1304,424.200012207031,615
2023-12-15,483,168.225006103516,1315.75,405.600006103516,629.25
2023-12-22,473,170.050003051758,1299.75,399.600006103516,616.25
2023-12-29,471.25,173.675003051758,1293.5,386,628
2024-01-05,460.75,170.574996948242,1249.75,368.600006103516,616
2024-01-12,447,171.375,1205.75,351.299987792969,596
2024-01-19,445.5,174.375,1213.25,356.5,593.25
2024-01-26,446.25,178.449996948242,1209.25,349,600.25
2024-02-02,442.75,180.550003051758,1188.5,356.799987792969,599.75
2024-02-09,429,184.625,1183.5,346.799987792969,596.75
2024-02-16,416.5,184.774993896484,1172.25,345.600006103516,560.5
2024-02-23,399.75,185.600006103516,1133,331.5,573.5
2024-03-01,412.25,188.449996948242,1143,334,560
2024-03-08,426.25,187.600006103516,1170.5,341.299987792969,526.75
2024-03-15,436.75,187.25,1198.25,334.700012207031,528.5
2024-03-22,439.25,187.5,1192.5,339.100006103516,554.75
2024-03-28,442,185,1191.5,337.700012207031,560.25
2024-04-05,434.25,178.25,1185,333.100006103516,567.25
2024-04-12,435.5,178.899993896484,1174,344.399993896484,556
2024-04-19,433.5,181.475006103516,1150.5,343.700012207031,550.25
2024-04-26,440,184.675003051758,1159.5,340,603.25
2024-05-03,447,176.675003051758,1201.75,366.5,606
2024-05-10,455.75,176.149993896484,1205,367,645.75
2024-05-17,452.5,181.050003051758,1228,368.799987792969,651.25
2024-05-24,464.75,183.699996948242,1248,386.5,697.25
2024-05-31,446.25,181.550003051758,1205,364.700012207031,678.5
2024-06-07,448.75,182.175003051758,1179.25,360.700012207031,627.5
2024-06-14,450,186.824996948242,1179.75,368.399993896484,612.75
2024-06-21,435,187.600006103516,1160.5,361.799987792969,561.5
2024-06-28,397.25,193.5,1150.5,360.5,553.5
2024-07-05,411.25,186.425003051758,1188.5,387,572.25
2024-07-12,400,182.375,1134.5,368.5,538
2024-07-19,390.5,183.100006103516,1097.25,336.799987792969,542.75
2024-07-26,394.5,188.574996948242,1077.5,353.299987792969,523.5
2024-08-02,386.5,184.100006103516,1029.25,361.5,539
2024-08-09,376.75,184.25,1028,326.299987792969,542.5
2024-08-16,370.5,182.800003051758,938.75,303.399993896484,530
2024-08-23,367.75,182.574996948242,952,306.299987792969,502.25
2024-08-30,378,185.850006103516,982,311.600006103516,532.75
2024-09-06,383.75,175.175003051758,989.25,318.399993896484,553.25
2024-09-13,390.75,177.649993896484,986.75,315.399993896484,571.25
2024-09-20,401.75,182.475006103516,1012,317.399993896484,568.5
2024-09-27,418,183.75,1065.75,343.700012207031,580
2024-10-04,424.75,187,1037.75,330.5,589.75
2024-10-11,415.75,188.600006103516,1005.5,316.5,599
2024-10-18,404.75,187.625,970,315.600006103516,572.75
2024-10-25,415.25,189.699996948242,987.75,305.799987792969,569
2024-11-01,414.5,185.925003051758,982.5,295.299987792969,568
2024-11-08,431,183.699996948242,1016.75,296.200012207031,572.5
2024-11-15,424,182.949996948242,998.5,289.600006103516,536.5
2024-11-22,425.5,186.774993896484,983.5,289.200012207031,544.25
2024-11-29,423,187.975006103516,989.5,287.100006103516,532.25
2024-12-06,430.75,187.375,993.75,283.799987792969,542.5
2024-12-13,430,193.649993896484,988.25,284.100006103516,526.5
2024-12-20,446.25,191.324996948242,974.5,294.5,533
2024-12-27,454,193.5,980,300.899993896484,546.5
2024-12-31,458.5,193.850006103516,998.25,307.600006103516,551.5
2025-01-03,450.75,194.050003051758,981,299.899993896484,529.25
2025-01-10,470.5,198.774993896484,1013.5,290.600006103516,530.75
2025-01-17,484.25,196.75,1034,297.200012207031,538.75
2025-01-24,486.5,204.774993896484,1055.75,304.899993896484,544
2025-01-31,482,204.600006103516,1042,301.100006103516,559.5
2025-02-07,487.5,200.774993896484,1049.5,301.399993896484,582.75
2025-02-14,496.25,197.75,1036,295.899993896484,600
2025-02-21,491.25,197.824996948242,1039.5,294.799987792969,590
2025-02-28,453.5,197.725006103516,1011.5,291.700012207031,537
2025-03-07,455.25,200.274993896484,1010.25,296.5,533.75
2025-03-14,445.5,203.175003051758,999.25,298.899993896484,545.75
2025-03-21,464.25,206.949996948242,1009.75,300.299987792969,558.25
2025-03-28,453.25,208.824996948242,1023,293.5,528.25
2025-04-04,460.25,202.625,977,283.100006103516,529
2025-04-11,490.25,202.475006103516,1042.75,299.600006103516,555.75
2025-04-17,482.25,209.824996948242,1036.5,295.600006103516,548.75
2025-04-25,478.75,214.25,1049.75,290,530
2025-05-02,461.25,211.100006103516,1048.75,290.200012207031,526.5
2025-05-09,441.5,214.675003051758,1044,287.200012207031,505.5
2025-05-16,443.5,212.225006103516,1050,291.899993896484,525
2025-05-23,459.5,215.800003051758,1060.25,296.200012207031,542.5
2025-05-30,444,215.475006103516,1041.75,296.299987792969,534
2025-06-06,442.5,226.300003051758,1057.25,295.700012207031,554.75
2025-06-13,444.5,225.100006103516,1069.75,291.899993896484,543.75
2025-06-20,428.75,223.024993896484,1068,284.100006103516,567.75
2025-06-27,417.5,224.75,1027.75,271.100006103516,524.75
2025-07-03,431.5,214.050003051758,1056.25,273.799987792969,547.75
2025-07-11,403,222.199996948242,1004,267.600006103516,540.75
2025-07-18,408.5,223.550003051758,1027.75,274,546.25
2025-07-25,399.5,226.475006103516,998.75,267.799987792969,538.25
2025-08-01,389.5,230.125,961.75,267.5,516.75
2025-08-08,382.75,232.550003051758,966.75,273.399993896484,514.5
2025-08-15,383.75,236.25,1022.25,283.399993896484,506.5
2025-08-22,388.25,239.949996948242,1036.5,296.700012207031,504.75
2025-08-29,398,241.899993896484,1036.75,283.600006103516,518
2025-09-05,399,235.975006103516,1006.5,280.5,501
2025-09-12,399,229.975006103516,1025.75,288.299987792969,503
2025-09-19,424,233.574996948242,1025.5,282.899993896484,522.5
2025-09-26,422,231.800003051758,1013.75,268.799987792969,519.75
2025-10-03,419,231.024993896484,1018,270.700012207031,515.25
2025-10-10,413,238.475006103516,1006.75,267.399993896484,498.5
2025-10-17,422.5,240.25,1019.5,281,503.75
2025-10-24,423.25,233.75,1041.75,294.100006103516,512.5
2025-10-31,431.5,236.600006103516,1099.75,321.600006103516,534
2025-11-07,427.25,221.350006103516,1101.75,317.100006103516,527.75
2025-11-14,430.25,219.149993896484,1112.75,322.5,527.25
2025-11-21,425.5,214.449996948242,1125,315.100006103516,527
2025-11-28,435.5,215.574996948242,1137.75,314.399993896484,531
2025-12-05,436.75,227.149993896484,1105.25,304.700012207031,537.5
2025-12-12,431.5,229.800003051758,1076.75,300.600006103516,534.5
2025-12-19,443.75,230.399993896484,1049.25,297.600006103516,509.75
2025-12-26,450,229.824996948242,1058.75,303.700012207031,519
2025-12-30,440.5,231.175003051758,1046.25,296.700012207031,510.75
