ticker,nome,fonte,titulo,snippet,link,veiculo,publicado
ZC=F,Corn,NewsAPI,China and US discuss corn purchases ahead of Trump-Xi summit this week,"The talks could reshape US-China agricultural trade dynamics, potentially stabilizing markets and influencing future bilateral negotiations.
The post China and US discuss corn purchases ahead of Trump-Xi summit this week appeared first on Crypto Briefing.",https://cryptobriefing.com/china-us-corn-purchases-trump-xi-summit/,Crypto Briefing,2026-05-14T04:29:49Z
ZC=F,Corn,NewsAPI,Xi-Trump summit may yield farm deal as China limits soybean imports,"The summit's potential farm deal could temporarily boost US agriculture, but China's shifting demand and supplier diversification pose long-term challenges.
The post Xi-Trump summit may yield farm deal as China limits soybean imports appeared first on Crypto …",https://cryptobriefing.com/xi-trump-summit-farm-deal-soybean-imports/,Crypto Briefing,2026-05-13T21:43:53Z
ZC=F,Corn,NewsAPI,Corn Showing Midday Wednesday Gains as Ethanol Production Improve,Corn futures are trading with 1 to 2 cent gains so far on Wednesday. There were 36 deliveries against May futures overnight. The CmdtyView national average...,https://www.barchart.com/story/news/1910503/corn-showing-midday-wednesday-gains-as-ethanol-production-improve,Barchart.com,2026-05-13T17:18:38Z
ZC=F,Corn,NewsAPI,Corn Slipping Back Early on Wednesday,"Corn prices are down fractionally to a penny so far on Wednesday AM trade. Futures held on Tuesday, with contracts up 4 to 5 cents at the close. A limit...",https://www.barchart.com/story/news/1902485/corn-slipping-back-early-on-wednesday,Barchart.com,2026-05-13T12:25:42Z
ZC=F,Corn,NewsAPI,The Farmers Caught in the Middle of Trump’s Tariffs and the Iran War,"Brett Neibling leaned against the door of his small office space, facing the array of computers and instruments that controlled several mechanical functions on his farm. The room was little more than an air-conditioned box, with scattered stools and a whitebo…",https://newrepublic.com/article/210087/trump-tariffs-iran-war-soybean-farmers,The New Republic,2026-05-13T10:00:00Z
ZC=F,Corn,Google News,Corn Futures Overview - CME Group,Corn Futures Overview&nbsp;&nbsp;CME Group,https://news.google.com/rss/articles/CBMibkFVX3lxTE1BLTBuY0hvOUMyWjRvTzRUOENxN2c2VVhMN01yN1g4YTVXXzR1N3VhbUpWcE53VzVndEtfX2lGSVFRSU1GbjZWSmhFQm9rdV95dlUwM1JsOWRxb1ZkV1c4ZU1oejUyRTJCbkd5SVZ3?oc=5,"""corn futures commodities market"" - Google News",2026-05-12T21:14:45Z
ZC=F,Corn,NewsAPI,US wheat harvest set to hit lowest level since 1972 amid severe Plains drought,"Wheat output for the 2026/27 season is estimated at 1.561 billion bushels, well below last year’s levels and market expectations.",https://www.thehindubusinessline.com/economy/agri-business/us-wheat-harvest-set-to-hit-lowest-level-since-1972-amid-severe-plains-drought/article70971388.ece,BusinessLine,2026-05-12T17:38:46Z
ZC=F,Corn,NewsAPI,Why is Tuesday Like Christmas to the BRACE Industry?,"For those who live and breathe only because the government is benevolent enough to bestow imaginary numbers on them, Tuesday is their day.",https://www.barchart.com/story/news/1872527/why-is-tuesday-like-christmas-to-the-brace-industry,Barchart.com,2026-05-12T11:55:10Z
ZC=F,Corn,Google News,Grain and Oilseed futures and options - CME Group,Grain and Oilseed futures and options&nbsp;&nbsp;CME Group,https://news.google.com/rss/articles/CBMidkFVX3lxTFBGNFI4Qkl6UlpzZmNvbEZPa0JheEE5WE9nUFBzNnphc001RG9fQ2hZWmVkdnVvWDFIZHZ6QmxubWJsd3NTd3FZT0sydlZfc0gwYWtSTmQyRUh6MGR0U1oxSlNKSC1RN2hiWGRBcEhONlVmaU0zZlE?oc=5,"""corn futures commodities market"" - Google News",2026-05-12T08:00:00Z
ZC=F,Corn,NewsAPI,"Transcript: Howard Lindzon, Social Leverage","The transcript from this week’s MiB Howard Lindzon, Social Leverage, is below. You can stream and download our full conversation, including any podcast extras, on Apple Podcasts, Spotify, YouTube (video), YouTube (audio), and Bloomberg. All of our earlier pod…",https://ritholtz.com/2026/05/transcript-9finger-howard-lindzon/,Ritholtz.com,2026-05-10T15:00:32Z
ZC=F,Corn,NewsAPI,Bacolod: Sugar workers group backs Benitez to amend Sida,"BACOLOD CITY – THE National Congress of Unions in the Sugar Industry in the Philippines (Nacusip) has expressed support for Negros Occidental Third District Representative Javier Miguel Benitez’s House Bill 9088, a measure seeking to amend Republic Act 10659,…",https://rpnradio.com/bacolod-sugar-workers-group-backs-benitez-to-amend-sida/,Rpnradio.com,2026-05-10T07:33:58Z
ZO=F,Oat,Google News,"Wheat values: Melbourne down $7, southern NSW up $20 - The Weekly Times","Wheat values: Melbourne down $7, southern NSW up $20&nbsp;&nbsp;The Weekly Times",https://news.google.com/rss/articles/CBMi2wFBVV95cUxOSEZvemtrZV9CN3ZmREhaTnpmN3JYQzdCcm5MZ2huemZSaWVwanNZTUFPMWFCNkl3VnBzQ1hUSkNtVzBPSEVtQjY4WWRtSEtuMGZzQ3FaVWNNNDJPbVJmT1ZkVGM2Zm9ETjhBLVF1NzR1TEtFazdUYzBIU0NuQk9HTFRCamVYNm1mRXJTMGFwcnpfZzZ2NktSZkFqbGc2ZS1hX0taTHE4Nm51amRBUGdpaHduX053cXRDVjdNQVJWaGRDOHZXVXczX21LaFgxa3NsSDBIUVBGbUhCUlHSAeABQVVfeXFMTXoyQWZvVmlDRWk0eGtjSVFXV2g3SFVxOFVpSEwwbC1VaHZRRHRwRENpZXFqSWJHY0pGNjNfOHFPWnB6VFdFZUJlb3R1UGdXLTdKVFJuNUpkSk1ZSDFzc2xNU3FXMTRqaGRyYXQ2NFlMTWtzVU9NUWRtMVNjVlExTHNLTERHcDVFTF8yT3JvTGtxRE5ZNDc0Um80U1d2bExzN1FHb1NtTWoyYlB6dVF5M1FWV1dmNktYOXduZ3RYbTFPcTZwckNyWVhnd1QyOXI2RzhQSFBlaDczZk4tSERUUzA?oc=5,"""oat grain futures market price"" - Google News",2026-05-13T10:00:00Z
ZO=F,Oat,Google News,Grain and Oilseed futures and options - CME Group,Grain and Oilseed futures and options&nbsp;&nbsp;CME Group,https://news.google.com/rss/articles/CBMidkFVX3lxTFBGNFI4Qkl6UlpzZmNvbEZPa0JheEE5WE9nUFBzNnphc001RG9fQ2hZWmVkdnVvWDFIZHZ6QmxubWJsd3NTd3FZT0sydlZfc0gwYWtSTmQyRUh6MGR0U1oxSlNKSC1RN2hiWGRBcEhONlVmaU0zZlE?oc=5,"""oat grain futures market price"" - Google News",2026-05-12T08:00:00Z
KE=F,HRW Wheat,Google News,Wheat Longs Retreat on Thursday - TradingView,Wheat Longs Retreat on Thursday&nbsp;&nbsp;TradingView,https://news.google.com/rss/articles/CBMilAFBVV95cUxNT281aGI1TkFwb0xQZTg5aGZpNVBTajZJaTQyVVNkQ1ZCQ1ZPVjRTUWFYS0JmandtSXdyUjU3YVQ0anpjR21rWXNBZ2pGTUF3TkR3UWdGb1pmaEliWHdHLUVRSFZ2WTB6eS11M0FGSFNhQzUyUzJDaXRhTHdJcDZHTThKQlBHS0VDQmJNMTlUeER0U19K?oc=5,"""wheat futures Kansas HRW grain"" - Google News",2026-05-15T01:24:55Z
KE=F,HRW Wheat,Google News,Wheat Posts Modest Correction on Wednesday - TradingView,Wheat Posts Modest Correction on Wednesday&nbsp;&nbsp;TradingView,https://news.google.com/rss/articles/CBMiowFBVV95cUxOZE5xVHdPLWplUHRSQXMwbWtSalVvVGVfSGRwcUNyNl9VbTAxamN4VnBKNjZPaXg0NHFFc1V6ZXJMeDF3OVpGUElYRkFidkdzSWkwdTBQa2NfaWZrLXZIMV9ob0g1MUh1ajByTWhZWExnd0Y0LXhYekpGci1tZ0xSNG5YOFJSYkZ0R1hkQU5iX3NEd0tiZ1l3ckpESVBTUHB4NlNB?oc=5,"""wheat futures Kansas HRW grain"" - Google News",2026-05-14T01:14:06Z
KE=F,HRW Wheat,NewsAPI,The Farmers Caught in the Middle of Trump’s Tariffs and the Iran War,"Brett Neibling leaned against the door of his small office space, facing the array of computers and instruments that controlled several mechanical functions on his farm. The room was little more than an air-conditioned box, with scattered stools and a whitebo…",https://newrepublic.com/article/210087/trump-tariffs-iran-war-soybean-farmers,The New Republic,2026-05-13T10:00:00Z
KE=F,HRW Wheat,NewsAPI,US wheat harvest set to hit lowest level since 1972 amid severe Plains drought,"Wheat output for the 2026/27 season is estimated at 1.561 billion bushels, well below last year’s levels and market expectations.",https://www.thehindubusinessline.com/economy/agri-business/us-wheat-harvest-set-to-hit-lowest-level-since-1972-amid-severe-plains-drought/article70971388.ece,BusinessLine,2026-05-12T17:38:46Z
KE=F,HRW Wheat,Google News,Chicago SRW Wheat Futures Overview - CME Group,Chicago SRW Wheat Futures Overview&nbsp;&nbsp;CME Group,https://news.google.com/rss/articles/CBMib0FVX3lxTFBxWEEtd245ZEc1d3dmdXBwSHNGcGI1ejFqTVdTRU5GaEw5SGV6bFhMc25RZWJ3QmMxTUxBdlBpa1daQ2NsUVE4aWNETEFLVVlzR015M3dYMVkwcFFiVUNaMk80VmlWVFA0cHFBSkhvWQ?oc=5,"""wheat futures Kansas HRW grain"" - Google News",2026-05-12T10:00:00Z
KE=F,HRW Wheat,Google News,Grain and Oilseed futures and options - CME Group,Grain and Oilseed futures and options&nbsp;&nbsp;CME Group,https://news.google.com/rss/articles/CBMidkFVX3lxTFBGNFI4Qkl6UlpzZmNvbEZPa0JheEE5WE9nUFBzNnphc001RG9fQ2hZWmVkdnVvWDFIZHZ6QmxubWJsd3NTd3FZT0sydlZfc0gwYWtSTmQyRUh6MGR0U1oxSlNKSC1RN2hiWGRBcEhONlVmaU0zZlE?oc=5,"""wheat futures Kansas HRW grain"" - Google News",2026-05-12T08:00:00Z
KE=F,HRW Wheat,Google News,US winter wheat crop in a world of pain - Grain Central,US winter wheat crop in a world of pain&nbsp;&nbsp;Grain Central,https://news.google.com/rss/articles/CBMigwFBVV95cUxONjhtcFFIeGtFYlNQc2ltZUl3UW9SLWRJb1dHRVZqQUdFby1hUzNnVVlKc21YRDQwOGtyQWhrNjNERkVPUkR5QkppZUhETFFyR2RGb3laYk5mdWI4RkFkVWVmMWx0RThpZnpEc3Q5RGx6ZDhzUk80X3pnQ1VaNGh5NDQ2cw?oc=5,"""wheat futures Kansas HRW grain"" - Google News",2026-05-12T06:42:52Z
KE=F,HRW Wheat,Google News,Wheat Holding onto Monday Gains - TradingView,Wheat Holding onto Monday Gains&nbsp;&nbsp;TradingView,https://news.google.com/rss/articles/CBMilAFBVV95cUxNdHdDTnRoemVFOUYtSHFHdEdEOWZsQmhuUVNucjNFWk5reWNpbDZscVdoV3hQVmZJbmhFT3VJa0Vwa1VESW1URjVOSG5DeG5ZV3hrcS1DandMQ3B1UWJRUGFLcXNZVzZVRnpPUlE5WWo4WVVJY0syYW9lTFRkZk5YWkctdVRPcGE5MmZIRXJKNHZ2eU9v?oc=5,"""wheat futures Kansas HRW grain"" - Google News",2026-05-11T20:16:55Z
KE=F,HRW Wheat,Google News,"Global Grain Prices Diverge as Wheat, Corn Slip - TradingPedia","Global Grain Prices Diverge as Wheat, Corn Slip&nbsp;&nbsp;TradingPedia",https://news.google.com/rss/articles/CBMikAFBVV95cUxOVXZIRHdWZ0VUSkt2c2pORmc5WVNQZWQ4RTM4Mk1ncElpMHBLaW1YRUtkMWtweDJRQU95a0FVeWVFR2d5M0RuUVRSVG52N2h5WGpvOFY2bE5WRFhJVlllWnlSWGxKUk9OU0JVQTNBczdYQlhsQWZpbDhRMjZfSkw5aXc3RldNM1dIdWd4MjJ1MHI?oc=5,"""wheat futures Kansas HRW grain"" - Google News",2026-05-11T16:17:56Z
KE=F,HRW Wheat,Google News,Wheat Trading with Monday Morning Gains - TradingView,Wheat Trading with Monday Morning Gains&nbsp;&nbsp;TradingView,https://news.google.com/rss/articles/CBMinwFBVV95cUxQeHVhTFRhZWZNNnNHMVhndG9NeWVZSmJ3LXUwRWxGaFV2VmhCbExCV29EbGQ2b1dBUWVPZDFoSWF1THJGRl9KV0thZTNFR0xpdGdRNS1ZQnNNU3d5SlZ4ZUFGTTlaa1ZJWVpyWlJPUXdSYXY3a0FraDk4eklfd1VENzRGWG9VclRSV3dKMWZmTGYyb1VRQTdmaE1Fb05FTms?oc=5,"""wheat futures Kansas HRW grain"" - Google News",2026-05-11T15:24:55Z
ZR=F,Rough Rice,Google News,Grain and Oilseed futures and options - CME Group,Grain and Oilseed futures and options&nbsp;&nbsp;CME Group,https://news.google.com/rss/articles/CBMidkFVX3lxTFBGNFI4Qkl6UlpzZmNvbEZPa0JheEE5WE9nUFBzNnphc001RG9fQ2hZWmVkdnVvWDFIZHZ6QmxubWJsd3NTd3FZT0sydlZfc0gwYWtSTmQyRUh6MGR0U1oxSlNKSC1RN2hiWGRBcEhONlVmaU0zZlE?oc=5,"""rice futures commodity market price"" - Google News",2026-05-12T08:00:00Z
ZR=F,Rough Rice,Google News,Rough Rice Futures (Jan 2027) Trade Ideas — CBOT:ZRF2027 - TradingView,Rough Rice Futures (Jan 2027) Trade Ideas — CBOT:ZRF2027&nbsp;&nbsp;TradingView,https://news.google.com/rss/articles/CBMie0FVX3lxTE94U3RhODNGUWRLdlBwU1hpdFZUVHVWbVFzdmFyUHI0U0wtYXVmNEVHM0gzQXN0YkpsZ1NPZG5fQU91dWt6T1Bwc0VsR1l3em8wM2JIVU15NUdCdjItVVNNeXdnT0hBajhvSmM3emFuSUVGRWlYaTFDdmxYcw?oc=5,"""rice futures commodity market price"" - Google News",2026-05-08T13:53:39Z
GF=F,Feeder Cattle,Google News,Cattle futures lower heading into Friday - Brownfield Ag News,Cattle futures lower heading into Friday&nbsp;&nbsp;Brownfield Ag News,https://news.google.com/rss/articles/CBMikgFBVV95cUxPX0dfTkwxNGNINVlWTjBNZ2lSQkZSdk94TkZzZjFGdHBONnl0UlQ4aFRoelV5MElwTDhFUy1YZFd6RC1mLVNuUy1ZR2ZYZi01ZzdhYVdMTWRhSGFKbk9melMwSUh3Y1ZMVHJGSVNEcEdnUFlqdlg2NEU3TDdkb3VuSVRXQ0JRYWFtSVZpbDcyOEp4QQ?oc=5,"""cattle futures livestock market"" - Google News",2026-05-15T00:58:09Z
GF=F,Feeder Cattle,Google News,Today’s Livestock Market Update - Northern Ag Network,Today’s Livestock Market Update&nbsp;&nbsp;Northern Ag Network,https://news.google.com/rss/articles/CBMif0FVX3lxTE0tMm95ZHVkWHVubXZNS0VlaFplTExaTnJYbHBtNkxIOGdIYUwwSXpQZmlYdlJBdlo4cEdRaUVvWXg0amtWeWd0SGQ5Yk15ZVlyNGppMFhja0E1WmN0TFlXR2lSTlZhTXhCcXdXcERGWVJiblNHeGF3djRjQUtKLUk?oc=5,"""cattle futures livestock market"" - Google News",2026-05-14T01:38:15Z
GF=F,Feeder Cattle,Google News,Cattle futures move higher at midweek - Brownfield Ag News,Cattle futures move higher at midweek&nbsp;&nbsp;Brownfield Ag News,https://news.google.com/rss/articles/CBMiiwFBVV95cUxNMVJKZFcwUFdQZTBrNVYteW1ycjQ2S3Z5LUxoeGxkaUJSb0dlS3R1dnJVQXJCdzFXNXJVOS02MWV4VnBvRlhibTVRTEhaQXlNd05UQ1AtMDJqNEl4MVVDaG5sVmtSVk15VGo1QkV0a2J4NFJnTWJyekp5QTRSX1lid0hsZ2RkeFdpMnlv?oc=5,"""cattle futures livestock market"" - Google News",2026-05-14T00:51:24Z
GF=F,Feeder Cattle,Google News,Cattle Futures May See Further Pressure - DTN Progressive Farmer,Cattle Futures May See Further Pressure&nbsp;&nbsp;DTN Progressive Farmer,https://news.google.com/rss/articles/CBMinAFBVV95cUxOeWV3S01jWkxuclhDNGNkMmR0WVRIT09Pa2ZMYzZEVEZBVmJ1VS1lNUp0eW9CZ29tYzVOYXk3QndBYjBOTTRWQUxieEtUUEEtOXduZHVkM1YyUlVSWENIVzJzekdkc0JPbW5sVHNKXzRhZ0lURFB1WHdKaERsZ09DbldTMDh1eC1Ydjg0MldWVElkS3M5ZjNyNkJBQjE?oc=5,"""cattle futures livestock market"" - Google News",2026-05-13T14:07:00Z
GF=F,Feeder Cattle,Google News,Feeder cattle futures pressured by the higher move in corn - Brownfield Ag News,Feeder cattle futures pressured by the higher move in corn&nbsp;&nbsp;Brownfield Ag News,https://news.google.com/rss/articles/CBMipwFBVV95cUxPaF9ySkVoWVgySEJ3Q2NiVkZsUWdkZ2pReEhSUGZhM09WR3F0Y2JCc2JsVk1haEdOM2txc0J5eV9jRUJxc3RDVV9ORzh5eGNaN0NRSXQ0VXlsNHJoZ2RNSzVNZ0NPOW1sR1RMUHhpYlVXVWFxZzROX1UzQ3BpSEhzRmx4X0U1Vk9DSUZpU09XbE9icVRBMEJ2MndYdzBMek0xZWh6emVGOA?oc=5,"""cattle futures livestock market"" - Google News",2026-05-13T00:18:04Z
GF=F,Feeder Cattle,Google News,Live Cattle Futures Overview - CME Group,Live Cattle Futures Overview&nbsp;&nbsp;CME Group,https://news.google.com/rss/articles/CBMie0FVX3lxTFBhTnEwM3NQNDhIekpNVFM3YlVzZ243UWRGYzllLUlfa1lpbHU0dGdFZGxScjhxaEctUUFEUFVsbHdnLUw3dVBwV1p6VWx4MUlWTEg0V3ZWNFN0RUx3Qmc4MXo4X2QwLXVTVzdWeWJBdGQyTHhMelNGVjZIQQ?oc=5,"""cattle futures livestock market"" - Google News",2026-05-12T20:59:45Z
GF=F,Feeder Cattle,Google News,"Cattle Bounce Early, Act Toppy: Grains Rally Adding War and China Premium - AgWeb","Cattle Bounce Early, Act Toppy: Grains Rally Adding War and China Premium&nbsp;&nbsp;AgWeb",https://news.google.com/rss/articles/CBMisAFBVV95cUxOeHFXNEJoekFMVWV1ZUdocHNUMWljMFp2YnVBVjhPSF9KNEtFZWV1ZWJDUC1nVTVFbDY3T0p1MVRES01sc052eXBlNWZfOXdXa2xrZ2d4RE0wUXhTWjl4ay1wS0VYVWtIb2p4RmxfeEk1R2VFcV8wU0Jnc2F5bUlvbXJHT0x4aUlQNDJSZjYta21DZVZRYXVvYmdCZUNBT2VKNHlPVjR3Q1lNMjYtQl9odA?oc=5,"""cattle futures livestock market"" - Google News",2026-05-11T18:35:00Z
GF=F,Feeder Cattle,Google News,Live Cattle Futures (Feb 2009) Trade Ideas — BMFBOVESPA:BGIG2009 - TradingView,Live Cattle Futures (Feb 2009) Trade Ideas — BMFBOVESPA:BGIG2009&nbsp;&nbsp;TradingView,https://news.google.com/rss/articles/CBMigwFBVV95cUxOY2M2Um9mTjlEaWNMVlh3VDVoTFQ1MERkMDhuNXc3bDdmLUhfT0U1MG0xZm9yZDNCUFZ0MHZQNmgxZy1wM1ZaYzlqTk1ab1d4U1YtZnJNcnhLWnE3VXRXT3FzNnBBdVVBSFVjNXVJV011bGxjZzYwT1ZJdUt3X3R1Njhvcw?oc=5,"""cattle futures livestock market"" - Google News",2026-05-10T13:59:20Z
GF=F,Feeder Cattle,Google News,Livestock Analysis | Firm cash trade fails to lift live cattle futures - Pro Farmer,Livestock Analysis | Firm cash trade fails to lift live cattle futures&nbsp;&nbsp;Pro Farmer,https://news.google.com/rss/articles/CBMiwwFBVV95cUxNd1VZbnVDcEktV3VkdEZvTXEwYnNNTmdwNWxPU3pYdkZ5OWdqVnVfa2llVExCU2laN0JHNTlVcjAxWXlKQ1dCQk1VMnFXMUVrZTlWbVVSU1ZxTDJwd3lrMkFfMVZUdkJuelVQd1pjYW9meGQ3c2ZoRkhaMTl0TDEzOXNjbjRYUTdhcGk2V0lha0FHX0FnaktvR2x1bFR4VjNVNGVvSXVVRnc5RW1YOU1YMTIwQVl6SnNvZlhnUjkwcFdFZ0k?oc=5,"""cattle futures livestock market"" - Google News",2026-05-09T00:51:06Z
ZS=F,Soybeans,NewsAPI,China and US discuss corn purchases ahead of Trump-Xi summit this week,"The talks could reshape US-China agricultural trade dynamics, potentially stabilizing markets and influencing future bilateral negotiations.
The post China and US discuss corn purchases ahead of Trump-Xi summit this week appeared first on Crypto Briefing.",https://cryptobriefing.com/china-us-corn-purchases-trump-xi-summit/,Crypto Briefing,2026-05-14T04:29:49Z
ZS=F,Soybeans,NewsAPI,Xi-Trump summit may yield farm deal as China limits soybean imports,"The summit's potential farm deal could temporarily boost US agriculture, but China's shifting demand and supplier diversification pose long-term challenges.
The post Xi-Trump summit may yield farm deal as China limits soybean imports appeared first on Crypto …",https://cryptobriefing.com/xi-trump-summit-farm-deal-soybean-imports/,Crypto Briefing,2026-05-13T21:43:53Z
ZS=F,Soybeans,NewsAPI,"Costamare Bulkers Holdings Limited Reports Results For the First Quarter Ended March 31, 2026","MONACO, May 13, 2026 (GLOBE NEWSWIRE) -- Costamare Bulkers Holdings Limited (“Costamare Bulkers” or the “Company”) (NYSE: CMDB) today reported unaudited financial results for the first quarter ended March 31, 2026 (“Q1 2026”).",https://www.globenewswire.com/news-release/2026/05/13/3293785/0/en/Costamare-Bulkers-Holdings-Limited-Reports-Results-For-the-First-Quarter-Ended-March-31-2026.html,GlobeNewswire,2026-05-13T10:00:00Z
ZS=F,Soybeans,NewsAPI,The Farmers Caught in the Middle of Trump’s Tariffs and the Iran War,"Brett Neibling leaned against the door of his small office space, facing the array of computers and instruments that controlled several mechanical functions on his farm. The room was little more than an air-conditioned box, with scattered stools and a whitebo…",https://newrepublic.com/article/210087/trump-tariffs-iran-war-soybean-farmers,The New Republic,2026-05-13T10:00:00Z
ZS=F,Soybeans,NewsAPI,Soybeans Closes with Tuesday Gains USDA Tightens Stocks,"Soybeans were in rally mode on Tuesday, with contracts up 10 1/4 to 13 3/4 cents at the close. The cmdtyView national average Cash Bean price was up 14 1/2...",https://www.barchart.com/story/news/1889214/soybeans-closes-with-tuesday-gains-usda-tightens-stocks,Barchart.com,2026-05-12T22:27:16Z
ZS=F,Soybeans,Google News,Soybean Futures Overview - CME Group,Soybean Futures Overview&nbsp;&nbsp;CME Group,https://news.google.com/rss/articles/CBMidEFVX3lxTE4xRjhZcjNWeGR5czQ5aEFjSElvY3Vhd0d5XzI3UUxqS1JHZGd0aFoybUcwOXExbGc3V3VELWNBWV9BQXVROXN0eGJ6cnU2M1hGNVRDSDJkSkZ4TE1sZTB6Q2NlV1Q1VW40TXJrOUNPM0N3S2RY?oc=5,"""soybean futures commodities market"" - Google News",2026-05-12T21:14:46Z
ZS=F,Soybeans,NewsAPI,US wheat harvest set to hit lowest level since 1972 amid severe Plains drought,"Wheat output for the 2026/27 season is estimated at 1.561 billion bushels, well below last year’s levels and market expectations.",https://www.thehindubusinessline.com/economy/agri-business/us-wheat-harvest-set-to-hit-lowest-level-since-1972-amid-severe-plains-drought/article70971388.ece,BusinessLine,2026-05-12T17:38:46Z
ZS=F,Soybeans,NewsAPI,Why is Tuesday Like Christmas to the BRACE Industry?,"For those who live and breathe only because the government is benevolent enough to bestow imaginary numbers on them, Tuesday is their day.",https://www.barchart.com/story/news/1872527/why-is-tuesday-like-christmas-to-the-brace-industry,Barchart.com,2026-05-12T11:55:10Z
ZS=F,Soybeans,Google News,Grain and Oilseed futures and options - CME Group,Grain and Oilseed futures and options&nbsp;&nbsp;CME Group,https://news.google.com/rss/articles/CBMidkFVX3lxTFBGNFI4Qkl6UlpzZmNvbEZPa0JheEE5WE9nUFBzNnphc001RG9fQ2hZWmVkdnVvWDFIZHZ6QmxubWJsd3NTd3FZT0sydlZfc0gwYWtSTmQyRUh6MGR0U1oxSlNKSC1RN2hiWGRBcEhONlVmaU0zZlE?oc=5,"""soybean futures commodities market"" - Google News",2026-05-12T08:00:00Z
ZS=F,Soybeans,NewsAPI,"Soybean Meal Prices Are Starting to Catch Up Amid Inflation Fears, Food Shortages. How to Trade Them Here.",July soybean meal futures present a buying opportunity on more price strength.,https://www.barchart.com/story/news/1850288/soybean-meal-prices-are-starting-to-catch-up-amid-inflation-fears-food-shortages-how-to-trade-them-here,Barchart.com,2026-05-11T13:50:09Z
ZM=F,Soybean Meal,Google News,Soybeans Falling Back Following Trump/Xi meeting - TradingView,Soybeans Falling Back Following Trump/Xi meeting&nbsp;&nbsp;TradingView,https://news.google.com/rss/articles/CBMiqwFBVV95cUxNQlNsMXp6U2pDSnZpVW1Oa3FiV1lPNEdwWHljRjlQTEY0VXFNVWE1VHVoUUNwQURCY0MzUndJSW9lbFZvcWItc2xNY0FraFVvQmNOSVotV0JkZHRBQUhELXkwN05SUzZzRmxGamREVmVyMXpkaDdJUFJwakhWWDRwOExBMllTYmZvVFE4M05XdTRGUTI1RHRNTDBMM3Y5N3VoOHZ0ZklYd3Ffc1E?oc=5,"""soybean meal futures market"" - Google News",2026-05-14T15:36:19Z
ZM=F,Soybean Meal,Google News,Soybean Futures Overview - CME Group,Soybean Futures Overview&nbsp;&nbsp;CME Group,https://news.google.com/rss/articles/CBMidEFVX3lxTE4xRjhZcjNWeGR5czQ5aEFjSElvY3Vhd0d5XzI3UUxqS1JHZGd0aFoybUcwOXExbGc3V3VELWNBWV9BQXVROXN0eGJ6cnU2M1hGNVRDSDJkSkZ4TE1sZTB6Q2NlV1Q1VW40TXJrOUNPM0N3S2RY?oc=5,"""soybean meal futures market"" - Google News",2026-05-12T21:14:46Z
ZM=F,Soybean Meal,Google News,"According to Huaxia Times, soybean meal futures have continued to rise recently. On May 12, the main 2609 contract opened at 3,033 yuan/ton in the night session, surged after a strong opening to a high of 3,064 yuan/ton, and finally closed at 3,051 yuan/ton, - Bitget","According to Huaxia Times, soybean meal futures have continued to rise recently. On May 12, the main 2609 contract opened at 3,033 yuan/ton in the night session, surged after a strong opening to a high of 3,064 yuan/ton, and finally closed at 3,051 yuan/ton,&nbsp;&nbsp;Bitget",https://news.google.com/rss/articles/CBMiXkFVX3lxTE9GRnVMRTcxVFE4Q3h1clJwM0NYZE81dlE3VTJMUHkzbVV5NTlQWWhWZTgzVklSYnJDRnlhQXRZOUJwbW9OclVNSllocjltOG82NkJhYkV4enFFWXgzTWfSAWNBVV95cUxNdEhzNXY3clBXaGFubkxCblNmdUg0MjhGWXlNZUt2QWZGbGd2R1AwWFl5Q0E3QXFrTzBwd1kzVnJ5eHJUUk1mRTR1aXVpTHFtNnppRGNxZC03N1h6dHpOOFZCVFE?oc=5,"""soybean meal futures market"" - Google News",2026-05-12T14:49:37Z
ZM=F,Soybean Meal,Google News,Grain and Oilseed futures and options - CME Group,Grain and Oilseed futures and options&nbsp;&nbsp;CME Group,https://news.google.com/rss/articles/CBMidkFVX3lxTFBGNFI4Qkl6UlpzZmNvbEZPa0JheEE5WE9nUFBzNnphc001RG9fQ2hZWmVkdnVvWDFIZHZ6QmxubWJsd3NTd3FZT0sydlZfc0gwYWtSTmQyRUh6MGR0U1oxSlNKSC1RN2hiWGRBcEhONlVmaU0zZlE?oc=5,"""soybean meal futures market"" - Google News",2026-05-12T08:00:00Z
ZM=F,Soybean Meal,Google News,"Soybean Meal Prices Are Starting to Catch Up Amid Inflation Fears, Food Shortages. How to Trade Them Here. - Barchart.com","Soybean Meal Prices Are Starting to Catch Up Amid Inflation Fears, Food Shortages. How to Trade Them Here.&nbsp;&nbsp;Barchart.com",https://news.google.com/rss/articles/CBMi4AFBVV95cUxNNXJaRjhiSjVhMDJTOElDNFlVQmpZdUVhUFM5b1lhMlp4Zm1ORmxXR1F0amF1UUk3YjBwYmw1dERTaHJkNWsydDg2VVhybGdsOEs1MUJQb0tkZGpDSDZJXzltTjVjTDF6aEFMdjhLZENQaWdOSXNhT1hWSC1FUUFOaTdtTy05Y0dvSWJkek9nMUtrTl92RFJyaDRlV2RWVzl6YWVCRjhVZnIzY0JZQ3dQNWFQY1ZUY0FTakUtTTk2WEw1eXRhOVBMOTF5WlM4ZE5WcDg1bFRQSFNQdUt0NXRoTg?oc=5,"""soybean meal futures market"" - Google News",2026-05-11T16:50:09Z
ZM=F,Soybean Meal,NewsAPI,"Soybean Meal Prices Are Starting to Catch Up Amid Inflation Fears, Food Shortages. How to Trade Them Here.",July soybean meal futures present a buying opportunity on more price strength.,https://www.barchart.com/story/news/1850288/soybean-meal-prices-are-starting-to-catch-up-amid-inflation-fears-food-shortages-how-to-trade-them-here,Barchart.com,2026-05-11T13:50:09Z
ZL=F,Soybean Oil,Google News,Biofuel boom shatters longheld link between soy and palm oil - KLSE Screener,Biofuel boom shatters longheld link between soy and palm oil&nbsp;&nbsp;KLSE Screener,https://news.google.com/rss/articles/CBMirwFBVV95cUxPMVY0aVBWZnctTmtUYktkZ1NFWG1pWTYyd0JtbURxZFRpeWNJU1IzTXFnc2p2V2RDd2tBUXFoTXRSenlmSGluRXJVa0U3b0hKMEl2Vnl6QkVMcGt3Z181V2RIbmoyYWw1NkpSQzJ3dkYyU0pkLUhQbm9JcEU0WFJpejc4TXJodGdrdFVnZDVIUEVBTVA1NG5keDlQMlhzUG1Md29ZSi1VUVRQSEJpSnBJ?oc=5,"""soybean oil futures market"" - Google News",2026-05-15T11:55:36Z
ZL=F,Soybean Oil,Google News,Malaysian palm oil futures fell to their lowest in more than two months on Thursday - UkrAgroConsult,Malaysian palm oil futures fell to their lowest in more than two months on Thursday&nbsp;&nbsp;UkrAgroConsult,https://news.google.com/rss/articles/CBMiuwFBVV95cUxPUXNvZVdnM2FiRVVBdUFkVUo3RTFSQjdfY0FQdnVMRTN3VWRfS2xldHp4M25OcEw2a25ienJYWGVnVjRvd3AzRFQwX2pTbmVORlFKcVVTa09ybm1nYm5CNDJrLWVjTkRIRHlsRTFodmJRdEJibGg5UUtBZ1Vlalc4a1pwSloyeUJDY01wMlJTUTNNMGhGZEU4c1l2NDRCdWRDamhmdnIwbF9HT1h1c0VSYVFwOTlKZUc1TERV?oc=5,"""soybean oil futures market"" - Google News",2026-05-15T09:48:26Z
ZL=F,Soybean Oil,Google News,CPO Futures End Lower For Third Consecutive Day Amid Soybean Oil Losses - Bernama,CPO Futures End Lower For Third Consecutive Day Amid Soybean Oil Losses&nbsp;&nbsp;Bernama,https://news.google.com/rss/articles/CBMiXEFVX3lxTFBuZjVPZVNheGx6UVJ5ZUpVVHpFeG9SbW9EMkIyaGtBTkpuSUwtNTZWT3JWbFhBY1JjYnpRa2ZQTjFUcktBMzBrSzFZTFZDRzJHV1Q1c3JFUTRWemJr?oc=5,"""soybean oil futures market"" - Google News",2026-05-15T01:56:32Z
ZL=F,Soybean Oil,Google News,Falling palm oil prices put pressure on sunflower and soybean oil prices - UkrAgroConsult,Falling palm oil prices put pressure on sunflower and soybean oil prices&nbsp;&nbsp;UkrAgroConsult,https://news.google.com/rss/articles/CBMirAFBVV95cUxNUlpHMTlqMHpJZ2FlcTZBd1Ayb3c5T05mRmZnZm5jWjNsWEZNdGNXTTFzTEJ4SXRTSUVoVWN5dUFUeWJJb0xUeDE5aHNQbW5yOEktT2VWd29GM2xLdlQ1eXJQODhoSGlaR2NfZ01pYVF3bDJpWVJCT0V3a1Bkb1BVZWNzeGptNmJiMWdzeWNsUHI2Q2t0d2NRZlBONk5JbzE2TXFTdkN6ZlpfWFhK?oc=5,"""soybean oil futures market"" - Google News",2026-05-14T17:49:04Z
ZL=F,Soybean Oil,Google News,Soybeans Hold Gains into Wednesday’s Close as the Market Looks to Trump/Xi Meeting - TradingView,Soybeans Hold Gains into Wednesday’s Close as the Market Looks to Trump/Xi Meeting&nbsp;&nbsp;TradingView,https://news.google.com/rss/articles/CBMi2AFBVV95cUxNeDF0X1J1Sm5kdEdCNi1Rd2p3QnU3ZDdDZFJKZnRqcGhITVJvQnJvMzB3NG43M25yVzBsU0hVOFcxUXBEdE5STkg3WlI3Y1RFY2xEeWV2aWx3aEt4MHBnRDltTzBhczdHdU9iT0w3NUhZdy0yMTZ0MFZEMExZMGhmUHoyZDZhYVR5NWZmOVVnSDhHd0hFOXpUVVNJT3NBSTE5RDhPb3ViSUxIeDBueG8wNnhXcUdQNkZTd2pPWTJvbl9FNWlEQXJwT2trUTY4UTBrU1FMTUoyc3E?oc=5,"""soybean oil futures market"" - Google News",2026-05-14T01:14:06Z
ZL=F,Soybean Oil,NewsAPI,The Farmers Caught in the Middle of Trump’s Tariffs and the Iran War,"Brett Neibling leaned against the door of his small office space, facing the array of computers and instruments that controlled several mechanical functions on his farm. The room was little more than an air-conditioned box, with scattered stools and a whitebo…",https://newrepublic.com/article/210087/trump-tariffs-iran-war-soybean-farmers,The New Republic,2026-05-13T10:00:00Z
ZL=F,Soybean Oil,NewsAPI,Soybeans Closes with Tuesday Gains USDA Tightens Stocks,"Soybeans were in rally mode on Tuesday, with contracts up 10 1/4 to 13 3/4 cents at the close. The cmdtyView national average Cash Bean price was up 14 1/2...",https://www.barchart.com/story/news/1889214/soybeans-closes-with-tuesday-gains-usda-tightens-stocks,Barchart.com,2026-05-12T22:27:16Z
ZL=F,Soybean Oil,NewsAPI,Why is Tuesday Like Christmas to the BRACE Industry?,"For those who live and breathe only because the government is benevolent enough to bestow imaginary numbers on them, Tuesday is their day.",https://www.barchart.com/story/news/1872527/why-is-tuesday-like-christmas-to-the-brace-industry,Barchart.com,2026-05-12T11:55:10Z
ZL=F,Soybean Oil,Google News,"Surging oil prices trigger new investment opportunities! Hedge funds make a ""lightning"" move into agricultural commodities. - 富途牛牛","Surging oil prices trigger new investment opportunities! Hedge funds make a ""lightning"" move into agricultural commodities.&nbsp;&nbsp;富途牛牛",https://news.google.com/rss/articles/CBMiswFBVV95cUxOYlppbUlNUzRUbzZxN1JNbXQxNDJUVWRuUS1SQmxaX3NLaV91eVB5Y2h5c2laRkNaZkRuc2dBS2RERWQzRldKbDZmN01kVTRsalYyaGVzVG5sOHltRkJkRGtzNjJTYWU3Sm15S3FSaUtTelMxZzFjS2tWN2wyTGNueDQzWVV4aFlVU2lhckx1d0tCM3dHVjU1aUNvaUdVTnBvRTBWMXprRnlydjhtZFJLRkpUYw?oc=5,"""soybean oil futures market"" - Google News",2026-05-12T09:57:50Z
ZL=F,Soybean Oil,Google News,Grain and Oilseed futures and options - CME Group,Grain and Oilseed futures and options&nbsp;&nbsp;CME Group,https://news.google.com/rss/articles/CBMidkFVX3lxTFBGNFI4Qkl6UlpzZmNvbEZPa0JheEE5WE9nUFBzNnphc001RG9fQ2hZWmVkdnVvWDFIZHZ6QmxubWJsd3NTd3FZT0sydlZfc0gwYWtSTmQyRUh6MGR0U1oxSlNKSC1RN2hiWGRBcEhONlVmaU0zZlE?oc=5,"""soybean oil futures market"" - Google News",2026-05-12T08:00:00Z
ZL=F,Soybean Oil,Google News,CPO Futures Close Higher On Soybean Oil Gains - Bernama,CPO Futures Close Higher On Soybean Oil Gains&nbsp;&nbsp;Bernama,https://news.google.com/rss/articles/CBMiV0FVX3lxTE5DekttTUxvSF9FYmlyMnVHck14WXVmZXBUdzgyYUxRdnZHWU9DZmRwcTB3ZlVwUWh5VGtlNzdndV9WMDhwXzg3NTU2VXRZLVpvNEZ3NGstSQ?oc=5,"""soybean oil futures market"" - Google News",2026-05-12T01:50:59Z
ZL=F,Soybean Oil,Google News,Grain Bulls Wobble as Crude Oil Prices Slump. What to Watch Next. - Barchart.com,Grain Bulls Wobble as Crude Oil Prices Slump. What to Watch Next.&nbsp;&nbsp;Barchart.com,https://news.google.com/rss/articles/CBMiqwFBVV95cUxNN3BEMDA0ckd4bUVTOW4zeWJGWHVTZ255ZjlpUFNBUmdEUndPVkZxT0tCYWl3OVBKZlZIUDhrU0FYUHRQTm1lRkc4N29FS29xNTRsQTE5M1A5SktEU3JadUJUU0lESWVEMnlrNlBjZUxZcXhvdTkxSkJpMURDNnlNWndTXzgwRlVVR3JveHVtaUxmSGVDTGxYYkpTZmktRHZiYU5YU2FjQ2JoWWc?oc=5,"""soybean oil futures market"" - Google News",2026-05-11T22:00:02Z
ZL=F,Soybean Oil,Google News,CPO FUTURES CLOSE HIGHER ON SOYBEAN OIL GAINS - Bernama,CPO FUTURES CLOSE HIGHER ON SOYBEAN OIL GAINS&nbsp;&nbsp;Bernama,https://news.google.com/rss/articles/CBMiVEFVX3lxTE9BbEJ6MlZsWHBqZGRBeWFZcWYzQ2d4T2JZdFR0czgwVWdYdUM0N3BBSVRUS0lDMWtIWV8zUWYwODhpREtIcmViWjdrRnZHMXV2SkRFaA?oc=5,"""soybean oil futures market"" - Google News",2026-05-11T17:20:31Z
ZL=F,Soybean Oil,NewsAPI,"Soybean Meal Prices Are Starting to Catch Up Amid Inflation Fears, Food Shortages. How to Trade Them Here.",July soybean meal futures present a buying opportunity on more price strength.,https://www.barchart.com/story/news/1850288/soybean-meal-prices-are-starting-to-catch-up-amid-inflation-fears-food-shortages-how-to-trade-them-here,Barchart.com,2026-05-11T13:50:09Z
ZL=F,Soybean Oil,Google News,"Palm Oil Rises on Stronger Soybean, Crude Oil -- Market Talk - Moomoo","Palm Oil Rises on Stronger Soybean, Crude Oil -- Market Talk&nbsp;&nbsp;Moomoo",https://news.google.com/rss/articles/CBMinwFBVV95cUxPR1BoWnhudFdDWTVnTkdodGlBQXF3RDlTYi1VcjVSd043OVVyN2xJaTNXdDhPZk1aSUMwNFNkMzk5c3JwRW5OT1JnSFlLQ1lHM1R3Z0hQM0d1ZE1RdUwzei02TG9pTk9ESTBGcEZZdFJQV2wzZU9RUnczYURJWENoTzZObVp0YjJac25VV0lPSTNHelR1bmdidkNnSmxMN28?oc=5,"""soybean oil futures market"" - Google News",2026-05-11T13:15:00Z
ZL=F,Soybean Oil,Google News,"Palm climbs on stronger soyoil, crude oil prices - Business Recorder","Palm climbs on stronger soyoil, crude oil prices&nbsp;&nbsp;Business Recorder",https://news.google.com/rss/articles/CBMiVkFVX3lxTE1zZ3kzVVV5TnBPblBraE96V2s2Q1NLSnpXbTJUaFZtTGRjN1ZPb1YzWG5aN3B1dllsREFmUmhMWkpnUl8xMVJtUkZmZzdtcFoya0JoVU1B0gFWQVVfeXFMTXNneTNVVXlOcE9uUGtoT3pXazZDU0tKeldtMlRoVm1MZGM3Vk9vVjNYblo3cHV2WWxEQWZSaExaSmdSXzExUm1SRmZnN21wWjJrQmhVTUE?oc=5,"""soybean oil futures market"" - Google News",2026-05-11T09:06:33Z
